"# Mount St Helens; 46.2005,-122.1880; raw range 232–2087 m; blur 12"
-0.83574,-0.83579,-0.83485,-0.83062,-0.82030,-0.80158,-0.77342,-0.73644,-0.69307,-0.64718,-0.60351,-0.56680,-0.54078,-0.52729,-0.52584,-0.53394,-0.54808,-0.56509,-0.58313,-0.60192,-0.62193,-0.64315,-0.66413,-0.68212,-0.69405,-0.69762,-0.69149,-0.67476,-0.64620,-0.60422,-0.54783,-0.47785,-0.39752,-0.31208,-0.22756,-0.14959,-0.08283,-0.03117,0.00193,0.01390,0.00476,-0.02069,-0.05182,-0.07383,-0.07225,-0.03822,0.02815,0.11819,0.21824,0.31400,0.39331,0.44670,0.46676,0.44808,0.38860,0.29146,0.16623,0.02802,-0.10525,-0.21687,-0.29502,-0.33515,-0.34020,-0.31900,-0.28338,-0.24518,-0.21376,-0.19469,-0.18942,-0.19576,-0.20880,-0.22178,-0.22702,-0.21679,-0.18458,-0.12693,-0.04541,0.05216,0.15247,0.23980,0.30057,0.32733,0.32008,0.28475,0.22968,0.16239,0.08785,0.00866,-0.07377,-0.15802,-0.24184,-0.32187,-0.39364,-0.45190,-0.49136,-0.50790
-0.82901,-0.82921,-0.82861,-0.82490,-0.81528,-0.79746,-0.77037,-0.73462,-0.69249,-0.64763,-0.60452,-0.56769,-0.54080,-0.52574,-0.52223,-0.52808,-0.54010,-0.55538,-0.57228,-0.59061,-0.61079,-0.63269,-0.65465,-0.67375,-0.68677,-0.69128,-0.68591,-0.66971,-0.64145,-0.59959,-0.54321,-0.47316,-0.39270,-0.30704,-0.22218,-0.14375,-0.07650,-0.02446,0.00885,0.02093,0.01192,-0.01329,-0.04417,-0.06623,-0.06532,-0.03268,0.03188,0.12025,0.21940,0.31542,0.39623,0.45213,0.47541,0.46038,0.40469,0.31118,0.18898,0.05269,-0.08019,-0.19313,-0.27415,-0.31827,-0.32785,-0.31121,-0.27984,-0.24542,-0.21729,-0.20095,-0.19771,-0.20515,-0.21807,-0.22953,-0.23193,-0.21793,-0.18173,-0.12070,-0.03717,0.06058,0.15921,0.24339,0.30021,0.32289,0.31201,0.27385,0.21694,0.14885,0.07448,-0.00372,-0.08457,-0.16691,-0.24878,-0.32703,-0.39730,-0.45442,-0.49317,-0.50942
-0.81579,-0.81628,-0.81641,-0.81381,-0.80572,-0.78985,-0.76518,-0.73217,-0.69280,-0.65020,-0.60828,-0.57110,-0.54209,-0.52329,-0.51489,-0.51534,-0.52218,-0.53316,-0.54711,-0.56406,-0.58441,-0.60771,-0.63191,-0.65362,-0.66922,-0.67600,-0.67240,-0.65740,-0.62978,-0.58814,-0.53172,-0.46154,-0.38087,-0.29485,-0.20936,-0.13004,-0.06182,-0.00897,0.02484,0.03724,0.02871,0.00433,-0.02563,-0.04742,-0.04770,-0.01803,0.04229,0.12647,0.22292,0.31878,0.40223,0.46326,0.49357,0.48686,0.44019,0.35561,0.24119,0.11032,-0.02055,-0.13542,-0.22205,-0.27453,-0.29397,-0.28750,-0.26582,-0.24024,-0.21994,-0.21032,-0.21230,-0.22286,-0.23607,-0.24458,-0.24088,-0.21857,-0.17345,-0.10487,-0.01697,0.08091,0.17536,0.25200,0.29943,0.31255,0.29329,0.24877,0.18794,0.11838,0.04480,-0.03079,-0.10778,-0.18569,-0.26314,-0.33743,-0.40448,-0.45922,-0.49647,-0.51211
-0.80333,-0.80413,-0.80503,-0.80369,-0.79742,-0.78401,-0.76243,-0.73297,-0.69715,-0.65741,-0.61687,-0.57893,-0.54674,-0.52249,-0.50694,-0.49939,-0.49839,-0.50262,-0.51168,-0.52600,-0.54600,-0.57091,-0.59809,-0.62348,-0.64285,-0.65296,-0.65190,-0.63849,-0.61159,-0.57006,-0.51347,-0.44313,-0.36239,-0.27625,-0.19037,-0.11032,-0.04117,0.01250,0.04692,0.05992,0.05245,0.02986,0.00204,-0.01837,-0.01937,0.00675,0.06118,0.13876,0.22999,0.32366,0.40875,0.47520,0.51416,0.51871,0.48509,0.41425,0.31266,0.19187,0.06660,-0.04808,-0.13990,-0.20187,-0.23349,-0.24031,-0.23187,-0.21885,-0.21017,-0.21092,-0.22142,-0.23767,-0.25270,-0.25842,-0.24742,-0.21452,-0.15778,-0.07940,0.01394,0.11131,0.19923,0.26468,0.29856,0.29817,0.26741,0.21459,0.14911,0.07847,0.00688,-0.06436,-0.13560,-0.20728,-0.27885,-0.34813,-0.41128,-0.46326,-0.49882,-0.51380
-0.79899,-0.79993,-0.80123,-0.80072,-0.79587,-0.78465,-0.76602,-0.74005,-0.70772,-0.67070,-0.63125,-0.59207,-0.55595,-0.52516,-0.50101,-0.48373,-0.47294,-0.46845,-0.47079,-0.48101,-0.49971,-0.52584,-0.55614,-0.58574,-0.60957,-0.62363,-0.62547,-0.61369,-0.58725,-0.54546,-0.48846,-0.41800,-0.33759,-0.25201,-0.16661,-0.08671,-0.01743,0.03649,0.07122,0.08492,0.07910,0.05943,0.03535,0.01810,0.01786,0.04111,0.08914,0.15832,0.24147,0.32962,0.41322,0.48279,0.52949,0.54597,0.52773,0.47442,0.39057,0.28533,0.17113,0.06146,-0.03181,-0.10090,-0.14379,-0.16429,-0.17054,-0.17233,-0.17803,-0.19217,-0.21424,-0.23902,-0.25821,-0.26277,-0.24534,-0.20204,-0.13356,-0.04530,0.05301,0.14866,0.22811,0.28003,0.29805,0.28238,0.23918,0.17806,0.10874,0.03836,-0.02965,-0.09509,-0.15944,-0.22423,-0.28972,-0.35417,-0.41383,-0.46350,-0.49774,-0.51222
-0.80654,-0.80729,-0.80826,-0.80759,-0.80311,-0.79307,-0.77651,-0.75323,-0.72366,-0.68872,-0.64983,-0.60900,-0.56862,-0.53099,-0.49785,-0.47019,-0.44870,-0.43432,-0.42863,-0.43345,-0.44972,-0.47625,-0.50924,-0.54296,-0.57135,-0.58945,-0.59409,-0.58355,-0.55701,-0.51439,-0.45666,-0.38619,-0.30668,-0.22272,-0.13920,-0.06106,0.00676,0.05953,0.09356,0.10749,0.10345,0.08749,0.06854,0.05633,0.05894,0.08109,0.12356,0.18374,0.25661,0.33572,0.41364,0.48235,0.53377,0.56071,0.55822,0.52467,0.46251,0.37816,0.28122,0.18293,0.09408,0.02258,-0.02836,-0.06094,-0.08172,-0.09926,-0.12099,-0.15058,-0.18644,-0.22203,-0.24764,-0.25329,-0.23157,-0.17995,-0.10163,-0.00531,0.09631,0.18874,0.25854,0.29619,0.29825,0.26788,0.21350,0.14580,0.07454,0.00616,-0.05701,-0.11599,-0.17344,-0.23189,-0.29222,-0.35292,-0.41012,-0.45835,-0.49183,-0.50604
-0.82417,-0.82430,-0.82397,-0.82182,-0.81624,-0.80593,-0.79008,-0.76831,-0.74052,-0.70692,-0.66818,-0.62567,-0.58138,-0.53752,-0.49606,-0.45862,-0.42674,-0.40240,-0.38823,-0.38685,-0.39969,-0.42560,-0.46037,-0.49752,-0.52995,-0.55164,-0.55852,-0.54854,-0.52116,-0.47712,-0.41835,-0.34802,-0.27012,-0.18903,-0.10916,-0.03494,0.02903,0.07835,0.10972,0.12240,0.11929,0.10685,0.09358,0.08773,0.09521,0.11866,0.15767,0.20990,0.27194,0.33972,0.40836,0.47202,0.52423,0.55870,0.57052,0.55710,0.51888,0.45942,0.38512,0.30440,0.22613,0.15763,0.10269,0.06053,0.02629,-0.00696,-0.04527,-0.09106,-0.14153,-0.18886,-0.22217,-0.23068,-0.20708,-0.15002,-0.06503,0.03637,0.13890,0.22668,0.28656,0.31086,0.29887,0.25644,0.19378,0.12225,0.05123,-0.01382,-0.07177,-0.12479,-0.17652,-0.23010,-0.28676,-0.34498,-0.40069,-0.44811,-0.48121,-0.49529
-0.84506,-0.84417,-0.84159,-0.83661,-0.82842,-0.81632,-0.79979,-0.77836,-0.75151,-0.71881,-0.68028,-0.63669,-0.58961,-0.54104,-0.49304,-0.44759,-0.40685,-0.37364,-0.35146,-0.34374,-0.35245,-0.37667,-0.41203,-0.45145,-0.48688,-0.51123,-0.51953,-0.50936,-0.48048,-0.43455,-0.37462,-0.30470,-0.22920,-0.15233,-0.07807,-0.01033,0.04685,0.08958,0.11531,0.12418,0.11998,0.10963,0.10135,0.10212,0.11586,0.14296,0.18142,0.22835,0.28114,0.33761,0.39536,0.45117,0.50080,0.53955,0.56312,0.56847,0.55433,0.52155,0.47322,0.41448,0.35166,0.29072,0.23546,0.18625,0.14003,0.09188,0.03760,-0.02370,-0.08796,-0.14630,-0.18707,-0.19915,-0.17555,-0.11605,-0.02799,0.07496,0.17573,0.25766,0.30815,0.32128,0.29861,0.24799,0.18075,0.10831,0.03929,-0.02196,-0.07540,-0.12400,-0.17187,-0.22239,-0.27675,-0.33331,-0.38784,-0.43443,-0.46701,-0.48088
-0.86057,-0.85834,-0.85276,-0.84390,-0.83186,-0.81670,-0.79837,-0.77639,-0.74997,-0.71816,-0.68039,-0.63690,-0.58881,-0.53783,-0.48592,-0.43515,-0.38806,-0.34802,-0.31916,-0.30560,-0.30988,-0.33147,-0.36610,-0.40636,-0.44348,-0.46939,-0.47829,-0.46735,-0.43668,-0.38881,-0.32793,-0.25897,-0.18677,-0.11555,-0.04894,0.00963,0.05675,0.08936,0.10594,0.10779,0.09970,0.08917,0.08423,0.09086,0.11125,0.14379,0.18464,0.22987,0.27685,0.32452,0.37255,0.42018,0.46566,0.50626,0.53886,0.56043,0.56855,0.56173,0.53994,0.50494,0.46011,0.40955,0.35660,0.30249,0.24605,0.18458,0.11604,0.04127,-0.03448,-0.10166,-0.14837,-0.16371,-0.14133,-0.08208,0.00542,0.10623,0.20250,0.27757,0.31970,0.32448,0.29509,0.24051,0.17234,0.10146,0.03549,-0.02230,-0.07258,-0.11863,-0.16452,-0.21336,-0.26610,-0.32099,-0.37381,-0.41887,-0.45034,-0.46372
-0.86442,-0.86066,-0.85165,-0.83826,-0.82156,-0.80251,-0.78156,-0.75841,-0.73209,-0.70128,-0.66496,-0.62289,-0.57575,-0.52489,-0.47202,-0.41912,-0.36880,-0.32462,-0.29110,-0.27280,-0.27282,-0.29117,-0.32392,-0.36367,-0.40122,-0.42776,-0.43673,-0.42495,-0.39277,-0.34352,-0.28242,-0.21531,-0.14756,-0.08352,-0.02661,0.02019,0.05424,0.07353,0.07788,0.06995,0.05561,0.04286,0.03953,0.05075,0.07735,0.11610,0.16159,0.20864,0.25412,0.29737,0.33932,0.38116,0.42328,0.46494,0.50439,0.53911,0.56610,0.58219,0.58471,0.57230,0.54540,0.50602,0.45675,0.39951,0.33488,0.26247,0.18241,0.09724,0.01322,-0.05981,-0.11028,-0.12804,-0.10774,-0.05120,0.03220,0.12724,0.21633,0.28358,0.31845,0.31772,0.28544,0.23076,0.16479,0.09737,0.03500,-0.01986,-0.06820,-0.11309,-0.15806,-0.20570,-0.25663,-0.30908,-0.35915,-0.40162,-0.43117,-0.44373
-0.85621,-0.85085,-0.83822,-0.82000,-0.79823,-0.77473,-0.75053,-0.72555,-0.69877,-0.66867,-0.63392,-0.59395,-0.54909,-0.50035,-0.44913,-0.39717,-0.34685,-0.30161,-0.26595,-0.24462,-0.24118,-0.25624,-0.28647,-0.32481,-0.36196,-0.38864,-0.39772,-0.38566,-0.35296,-0.30357,-0.24358,-0.17969,-0.11783,-0.06260,-0.01729,0.01567,0.03454,0.03869,0.02945,0.01091,-0.01015,-0.02553,-0.02786,-0.01290,0.01911,0.06387,0.11497,0.16636,0.21431,0.25803,0.29891,0.33916,0.38060,0.42401,0.46893,0.51360,0.55501,0.58906,0.61121,0.61762,0.60617,0.57691,0.53161,0.47267,0.40221,0.32191,0.23385,0.14201,0.05332,-0.02248,-0.07458,-0.09401,-0.07666,-0.02522,0.05073,0.13656,0.21591,0.27443,0.30296,0.29918,0.26727,0.21575,0.15454,0.09215,0.03399,-0.01801,-0.06474,-0.10870,-0.15268,-0.19862,-0.24687,-0.29581,-0.34205,-0.38103,-0.40807,-0.41954
-0.84238,-0.83543,-0.81916,-0.79600,-0.76893,-0.74053,-0.71234,-0.68454,-0.65611,-0.62547,-0.59120,-0.55263,-0.50996,-0.46407,-0.41610,-0.36747,-0.32011,-0.27693,-0.24201,-0.21995,-0.21454,-0.22702,-0.25482,-0.29153,-0.32809,-0.35505,-0.36489,-0.35375,-0.32216,-0.27447,-0.21746,-0.15855,-0.10427,-0.05942,-0.02710,-0.00901,-0.00567,-0.01612,-0.03744,-0.06432,-0.08955,-0.10532,-0.10523,-0.08621,-0.04934,0.00062,0.05705,0.11375,0.16674,0.21487,0.25930,0.30232,0.34621,0.39252,0.44174,0.49296,0.54360,0.58938,0.62480,0.64438,0.64411,0.62249,0.58058,0.52114,0.44747,0.36284,0.27079,0.17625,0.08641,0.01056,-0.04155,-0.06236,-0.04909,-0.00509,0.06036,0.13397,0.20139,0.25037,0.27331,0.26848,0.23959,0.19388,0.13963,0.08387,0.03102,-0.01725,-0.06150,-0.10354,-0.14538,-0.18843,-0.23290,-0.27745,-0.31924,-0.35437,-0.37874,-0.38908
-0.83421,-0.82571,-0.80588,-0.77782,-0.74525,-0.71142,-0.67827,-0.64612,-0.61403,-0.58046,-0.54414,-0.50464,-0.46242,-0.41852,-0.37410,-0.33024,-0.28819,-0.24999,-0.21880,-0.19866,-0.19330,-0.20451,-0.23062,-0.26609,-0.30245,-0.33036,-0.34209,-0.33350,-0.30503,-0.26123,-0.20937,-0.15743,-0.11235,-0.07901,-0.06007,-0.05621,-0.06641,-0.08802,-0.11666,-0.14632,-0.17007,-0.18133,-0.17536,-0.15052,-0.10864,-0.05438,0.00629,0.06784,0.12653,0.18090,0.23144,0.27974,0.32771,0.37701,0.42863,0.48247,0.53673,0.58751,0.62916,0.65544,0.66126,0.64412,0.60463,0.54580,0.47174,0.38665,0.29485,0.20157,0.11379,0.04004,-0.01115,-0.03365,-0.02585,0.00850,0.06090,0.11996,0.17389,0.21288,0.23091,0.22664,0.20287,0.16516,0.11990,0.07256,0.02673,-0.01607,-0.05601,-0.09424,-0.13220,-0.17094,-0.21068,-0.25040,-0.28774,-0.31927,-0.34125,-0.35061
-0.84336,-0.83344,-0.81031,-0.77753,-0.73941,-0.69962,-0.66034,-0.62198,-0.58363,-0.54393,-0.50201,-0.45806,-0.41329,-0.36938,-0.32778,-0.28928,-0.25429,-0.22352,-0.19876,-0.18303,-0.17977,-0.19116,-0.21652,-0.25139,-0.28815,-0.31784,-0.33268,-0.32830,-0.30495,-0.26722,-0.22261,-0.17941,-0.14468,-0.12307,-0.11642,-0.12409,-0.14338,-0.17007,-0.19875,-0.22342,-0.23830,-0.23879,-0.22237,-0.18907,-0.14131,-0.08322,-0.01952,0.04551,0.10878,0.16865,0.22477,0.27765,0.32841,0.37845,0.42909,0.48099,0.53323,0.58268,0.62405,0.65103,0.65817,0.64258,0.60473,0.54784,0.47639,0.39489,0.30759,0.21935,0.13640,0.06627,0.01624,-0.00878,-0.00803,0.01475,0.05223,0.09530,0.13494,0.16390,0.17774,0.17528,0.15822,0.13025,0.09576,0.05872,0.02192,-0.01321,-0.04654,-0.07877,-0.11098,-0.14411,-0.17847,-0.21331,-0.24658,-0.27509,-0.29518,-0.30379
-0.87686,-0.86581,-0.83996,-0.80311,-0.75977,-0.71380,-0.66744,-0.62109,-0.57390,-0.52482,-0.47368,-0.42168,-0.37124,-0.32513,-0.28534,-0.25243,-0.22569,-0.20414,-0.18777,-0.17826,-0.17849,-0.19101,-0.21615,-0.25072,-0.28817,-0.32013,-0.33892,-0.33998,-0.32329,-0.29331,-0.25751,-0.22413,-0.19994,-0.18891,-0.19175,-0.20633,-0.22845,-0.25270,-0.27337,-0.28524,-0.28437,-0.26861,-0.23782,-0.19361,-0.13880,-0.07675,-0.01076,0.05624,0.12188,0.18437,0.24254,0.29594,0.34503,0.39110,0.43596,0.48102,0.52627,0.56933,0.60548,0.62873,0.63377,0.61786,0.58165,0.52854,0.46300,0.38914,0.31043,0.23061,0.15471,0.08905,0.03982,0.01105,0.00314,0.01281,0.03424,0.06070,0.08597,0.10522,0.11546,0.11557,0.10614,0.08899,0.06659,0.04145,0.01559,-0.00974,-0.03425,-0.05842,-0.08320,-0.10958,-0.13803,-0.16799,-0.19753,-0.22348,-0.24207,-0.25011
-0.93364,-0.92198,-0.89453,-0.85493,-0.80752,-0.75596,-0.70231,-0.64693,-0.58915,-0.52844,-0.46554,-0.40305,-0.34495,-0.29536,-0.25696,-0.22994,-0.21226,-0.20092,-0.19386,-0.19123,-0.19528,-0.20890,-0.23352,-0.26734,-0.30502,-0.33896,-0.36171,-0.36854,-0.35914,-0.33766,-0.31123,-0.28760,-0.27281,-0.26974,-0.27779,-0.29350,-0.31162,-0.32633,-0.33237,-0.32595,-0.30527,-0.27058,-0.22376,-0.16757,-0.10492,-0.03840,0.02982,0.09775,0.16335,0.22454,0.27950,0.32728,0.36831,0.40440,0.43821,0.47207,0.50669,0.54023,0.56837,0.58554,0.58692,0.57031,0.53679,0.48990,0.43373,0.37138,0.30485,0.23619,0.16885,0.10788,0.05864,0.02473,0.00673,0.00225,0.00717,0.01710,0.02834,0.03824,0.04503,0.04770,0.04584,0.03964,0.02982,0.01755,0.00405,-0.00976,-0.02361,-0.03797,-0.05385,-0.07238,-0.09422,-0.11892,-0.14459,-0.16794,-0.18503,-0.19250
-1.00394,-0.99245,-0.96516,-0.92510,-0.87587,-0.82050,-0.76067,-0.69668,-0.62820,-0.55543,-0.48034,-0.40709,-0.34136,-0.28863,-0.25213,-0.23157,-0.22333,-0.22231,-0.22434,-0.22807,-0.23516,-0.24891,-0.27184,-0.30361,-0.34018,-0.37484,-0.40047,-0.41227,-0.40960,-0.39611,-0.37829,-0.36299,-0.35508,-0.35615,-0.36437,-0.37541,-0.38372,-0.38391,-0.37191,-0.34564,-0.30528,-0.25285,-0.19142,-0.12423,-0.05394,0.01744,0.08828,0.15675,0.22049,0.27683,0.32349,0.35965,0.38651,0.40719,0.42574,0.44549,0.46767,0.49055,0.50993,0.52059,0.51840,0.50198,0.47304,0.43513,0.39159,0.34400,0.29234,0.23662,0.17854,0.12200,0.07179,0.03159,0.00259,-0.01639,-0.02774,-0.03376,-0.03602,-0.03541,-0.03262,-0.02849,-0.02409,-0.02048,-0.01832,-0.01768,-0.01814,-0.01929,-0.02109,-0.02418,-0.02976,-0.03916,-0.05324,-0.07168,-0.09260,-0.11263,-0.12773,-0.13442
-1.07202,-1.06173,-1.03691,-0.99953,-0.95190,-0.89595,-0.83273,-0.76248,-0.68536,-0.60257,-0.51742,-0.43564,-0.36447,-0.31047,-0.27720,-0.26363,-0.26461,-0.27303,-0.28287,-0.29150,-0.30015,-0.31250,-0.33213,-0.36004,-0.39351,-0.42676,-0.45320,-0.46804,-0.47030,-0.46303,-0.45175,-0.44209,-0.43752,-0.43836,-0.44191,-0.44364,-0.43853,-0.42241,-0.39278,-0.34922,-0.29327,-0.22776,-0.15595,-0.08076,-0.00436,0.07161,0.14539,0.21448,0.27552,0.32492,0.36011,0.38084,0.38982,0.39210,0.39346,0.39829,0.40802,0.42069,0.43192,0.43683,0.43212,0.41744,0.39514,0.36864,0.34014,0.30934,0.27394,0.23178,0.18292,0.13033,0.07855,0.03165,-0.00826,-0.04106,-0.06758,-0.08845,-0.10361,-0.11260,-0.11518,-0.11183,-0.10385,-0.09295,-0.08074,-0.06824,-0.05590,-0.04391,-0.03272,-0.02332,-0.01717,-0.01589,-0.02057,-0.03110,-0.04572,-0.06112,-0.07331,-0.07883
-1.12086,-1.11287,-1.09310,-1.06207,-1.02033,-0.96828,-0.90611,-0.83396,-0.75258,-0.66424,-0.57358,-0.48768,-0.41488,-0.36241,-0.33377,-0.32720,-0.33622,-0.35220,-0.36774,-0.37930,-0.38780,-0.39726,-0.41204,-0.43429,-0.46246,-0.49180,-0.51634,-0.53151,-0.53605,-0.53225,-0.52451,-0.51702,-0.51189,-0.50838,-0.50347,-0.49314,-0.47363,-0.44242,-0.39869,-0.34327,-0.27825,-0.20629,-0.12993,-0.05113,0.02864,0.10788,0.18424,0.25400,0.31236,0.35459,0.37785,0.38271,0.37362,0.35778,0.34276,0.33385,0.33250,0.33628,0.34057,0.34086,0.33488,0.32336,0.30925,0.29554,0.28304,0.26937,0.25000,0.22083,0.18061,0.13164,0.07847,0.02573,-0.02355,-0.06811,-0.10758,-0.14145,-0.16861,-0.18766,-0.19755,-0.19816,-0.19045,-0.17613,-0.15714,-0.13511,-0.11124,-0.08647,-0.06190,-0.03902,-0.01974,-0.00604,0.00062,0.00003,-0.00636,-0.01554,-0.02371,-0.02760
-1.13697,-1.13227,-1.11996,-1.09886,-1.06748,-1.02446,-0.96891,-0.90076,-0.82131,-0.73378,-0.64386,-0.55951,-0.48960,-0.44146,-0.41832,-0.41780,-0.43263,-0.45336,-0.47189,-0.48420,-0.49101,-0.49645,-0.50534,-0.52060,-0.54167,-0.56480,-0.58479,-0.59745,-0.60133,-0.59796,-0.59049,-0.58169,-0.57243,-0.56138,-0.54574,-0.52255,-0.48974,-0.44661,-0.39376,-0.33274,-0.26548,-0.19374,-0.11875,-0.04117,0.03836,0.11842,0.19595,0.26589,0.32195,0.35825,0.37159,0.36321,0.33909,0.30829,0.27984,0.25978,0.24940,0.24588,0.24446,0.24122,0.23496,0.22748,0.22207,0.22107,0.22373,0.22568,0.22052,0.20275,0.17024,0.12500,0.07170,0.01543,-0.04007,-0.09279,-0.14170,-0.18574,-0.22333,-0.25257,-0.27173,-0.27984,-0.27696,-0.26410,-0.24282,-0.21488,-0.18197,-0.14577,-0.10812,-0.07122,-0.03762,-0.00986,0.01005,0.02135,0.02498,0.02350,0.02032,0.01848
-1.11375,-1.11300,-1.10983,-1.10136,-1.08410,-1.05486,-1.01158,-0.95388,-0.88331,-0.80374,-0.72139,-0.64447,-0.58171,-0.54012,-0.52249,-0.52617,-0.54376,-0.56584,-0.58437,-0.59524,-0.59906,-0.59981,-0.60240,-0.61010,-0.62309,-0.63852,-0.65207,-0.66005,-0.66089,-0.65536,-0.64540,-0.63249,-0.61658,-0.59611,-0.56897,-0.53359,-0.48969,-0.43821,-0.38087,-0.31945,-0.25528,-0.18890,-0.12003,-0.04801,0.02743,0.10505,0.18131,0.25016,0.30410,0.33624,0.34294,0.32573,0.29148,0.25044,0.21262,0.18447,0.16724,0.15792,0.15194,0.14612,0.14032,0.13716,0.13996,0.15016,0.16548,0.17994,0.18592,0.17719,0.15135,0.11038,0.05910,0.00282,-0.05444,-0.11045,-0.16412,-0.21446,-0.26004,-0.29881,-0.32855,-0.34727,-0.35372,-0.34754,-0.32928,-0.30015,-0.26191,-0.21673,-0.16721,-0.11642,-0.06780,-0.02478,0.00978,0.03435,0.04918,0.05629,0.05868,0.05910
-1.05235,-1.05571,-1.06216,-1.06747,-1.06638,-1.05415,-1.02763,-0.98594,-0.93061,-0.86556,-0.79693,-0.73249,-0.68029,-0.64661,-0.63386,-0.63949,-0.65668,-0.67678,-0.69241,-0.69981,-0.69952,-0.69525,-0.69165,-0.69205,-0.69705,-0.70460,-0.71117,-0.71359,-0.71020,-0.70106,-0.68702,-0.66846,-0.64473,-0.61441,-0.57626,-0.53020,-0.47756,-0.42064,-0.36191,-0.30314,-0.24497,-0.18675,-0.12689,-0.06352,0.00446,0.07627,0.14831,0.21412,0.26554,0.29497,0.29826,0.27673,0.23743,0.19097,0.14772,0.11436,0.09223,0.07853,0.06918,0.06184,0.05723,0.05835,0.06816,0.08706,0.11148,0.13439,0.14770,0.14525,0.12492,0.08894,0.04217,-0.01012,-0.06415,-0.11803,-0.17117,-0.22328,-0.27349,-0.32007,-0.36044,-0.39168,-0.41099,-0.41626,-0.40638,-0.38139,-0.34247,-0.29181,-0.23262,-0.16893,-0.10539,-0.04673,0.00299,0.04122,0.06745,0.08316,0.09105,0.09369
-0.96036,-0.96737,-0.98251,-1.00066,-1.01544,-1.02101,-1.01341,-0.99117,-0.95542,-0.90959,-0.85907,-0.81061,-0.77112,-0.74601,-0.73738,-0.74312,-0.75745,-0.77301,-0.78350,-0.78579,-0.78051,-0.77108,-0.76182,-0.75588,-0.75412,-0.75501,-0.75566,-0.75325,-0.74599,-0.73328,-0.71499,-0.69074,-0.65952,-0.62025,-0.57263,-0.51785,-0.45857,-0.39811,-0.33943,-0.28424,-0.23261,-0.18303,-0.13297,-0.07967,-0.02123,0.04216,0.10732,0.16799,0.21594,0.24328,0.24535,0.22294,0.18259,0.13455,0.08906,0.05284,0.02754,0.01089,-0.00039,-0.00790,-0.01044,-0.00511,0.01030,0.03509,0.06471,0.09177,0.10848,0.10942,0.09327,0.06268,0.02255,-0.02226,-0.06857,-0.11532,-0.16293,-0.21217,-0.26314,-0.31468,-0.36421,-0.40806,-0.44202,-0.46210,-0.46517,-0.44948,-0.41489,-0.36303,-0.29732,-0.22273,-0.14542,-0.07183,-0.00759,0.04351,0.08021,0.10364,0.11633,0.12089
-0.84907,-0.85867,-0.88019,-0.90823,-0.93607,-0.95747,-0.96800,-0.96570,-0.95100,-0.92635,-0.89589,-0.86489,-0.83894,-0.82251,-0.81755,-0.82256,-0.83298,-0.84286,-0.84715,-0.84348,-0.83275,-0.81830,-0.80420,-0.79348,-0.78708,-0.78376,-0.78095,-0.77592,-0.76658,-0.75169,-0.73040,-0.70177,-0.66473,-0.61860,-0.56392,-0.50286,-0.43898,-0.37630,-0.31808,-0.26603,-0.21988,-0.17768,-0.13639,-0.09271,-0.04418,0.00967,0.06636,0.12029,0.16369,0.18880,0.19063,0.16927,0.13038,0.08336,0.03792,0.00074,-0.02609,-0.04404,-0.05555,-0.06162,-0.06102,-0.05148,-0.03179,-0.00376,0.02748,0.05474,0.07119,0.07272,0.05915,0.03372,0.00129,-0.03384,-0.06939,-0.10544,-0.14364,-0.18601,-0.23380,-0.28664,-0.34229,-0.39679,-0.44493,-0.48110,-0.50007,-0.49785,-0.47233,-0.42385,-0.35552,-0.27314,-0.18445,-0.09789,-0.02099,0.04114,0.08652,0.11607,0.13246,0.13846
-0.73042,-0.74118,-0.76580,-0.79931,-0.83544,-0.86828,-0.89346,-0.90863,-0.91339,-0.90893,-0.89782,-0.88368,-0.87072,-0.86262,-0.86128,-0.86584,-0.87286,-0.87762,-0.87614,-0.86682,-0.85097,-0.83211,-0.81436,-0.80078,-0.79239,-0.78802,-0.78507,-0.78052,-0.77184,-0.75713,-0.73502,-0.70432,-0.66410,-0.61415,-0.55561,-0.49127,-0.42519,-0.36170,-0.30423,-0.25449,-0.21214,-0.17514,-0.14033,-0.10430,-0.06430,-0.01939,0.02873,0.07532,0.11346,0.13587,0.13756,0.11804,0.08195,0.03759,-0.00606,-0.04248,-0.06909,-0.08650,-0.09636,-0.09935,-0.09461,-0.08083,-0.05806,-0.02907,0.00076,0.02491,0.03796,0.03748,0.02463,0.00335,-0.02160,-0.04657,-0.07033,-0.09412,-0.12079,-0.15352,-0.19464,-0.24471,-0.30223,-0.36352,-0.42309,-0.47425,-0.50993,-0.52372,-0.51105,-0.47036,-0.40389,-0.31782,-0.22139,-0.12509,-0.03838,0.03221,0.08404,0.11796,0.13688,0.14384
-0.61480,-0.62517,-0.64932,-0.68328,-0.72200,-0.76057,-0.79509,-0.82305,-0.84322,-0.85544,-0.86063,-0.86082,-0.85898,-0.85824,-0.86055,-0.86565,-0.87092,-0.87251,-0.86714,-0.85379,-0.83421,-0.81229,-0.79251,-0.77821,-0.77056,-0.76835,-0.76865,-0.76790,-0.76286,-0.75103,-0.73068,-0.70065,-0.66036,-0.61007,-0.55135,-0.48723,-0.42183,-0.35946,-0.30348,-0.25559,-0.21553,-0.18142,-0.15036,-0.11917,-0.08518,-0.04724,-0.00650,0.03325,0.06607,0.08552,0.08696,0.06954,0.03699,-0.00348,-0.04378,-0.07766,-0.10213,-0.11704,-0.12344,-0.12195,-0.11238,-0.09461,-0.06997,-0.04205,-0.01617,0.00216,0.00923,0.00444,-0.00960,-0.02832,-0.04709,-0.06304,-0.07594,-0.08804,-0.10306,-0.12496,-0.15686,-0.20029,-0.25478,-0.31766,-0.38398,-0.44677,-0.49764,-0.52800,-0.53063,-0.50159,-0.44167,-0.35687,-0.25744,-0.15559,-0.06258,0.01370,0.06993,0.10682,0.12745,0.13505
-0.50992,-0.51854,-0.53900,-0.56883,-0.60472,-0.64321,-0.68122,-0.71626,-0.74637,-0.77012,-0.78693,-0.79745,-0.80373,-0.80858,-0.81416,-0.82074,-0.82624,-0.82724,-0.82080,-0.80611,-0.78523,-0.76244,-0.74269,-0.72981,-0.72530,-0.72793,-0.73436,-0.74026,-0.74151,-0.73500,-0.71879,-0.69199,-0.65455,-0.60725,-0.55192,-0.49153,-0.42989,-0.37091,-0.31767,-0.27177,-0.23308,-0.20008,-0.17036,-0.14124,-0.11050,-0.07707,-0.04176,-0.00762,0.02050,0.03720,0.03844,0.02336,-0.00500,-0.04046,-0.07585,-0.10531,-0.12565,-0.13621,-0.13765,-0.13080,-0.11631,-0.09532,-0.07032,-0.04548,-0.02578,-0.01549,-0.01645,-0.02737,-0.04427,-0.06209,-0.07652,-0.08558,-0.09000,-0.09271,-0.09781,-0.10941,-0.13092,-0.16464,-0.21139,-0.27010,-0.33723,-0.40647,-0.46897,-0.51445,-0.53326,-0.51888,-0.47008,-0.39194,-0.29493,-0.19229,-0.09668,-0.01719,0.04202,0.08123,0.10334,0.11154
-0.42072,-0.42664,-0.44113,-0.46344,-0.49229,-0.52591,-0.56219,-0.59874,-0.63303,-0.66256,-0.68554,-0.70159,-0.71221,-0.72013,-0.72785,-0.73610,-0.74320,-0.74594,-0.74133,-0.72849,-0.70941,-0.68850,-0.67111,-0.66165,-0.66212,-0.67147,-0.68598,-0.70049,-0.70994,-0.71053,-0.70022,-0.67853,-0.64609,-0.60427,-0.55510,-0.50126,-0.44596,-0.39245,-0.34331,-0.29993,-0.26237,-0.22951,-0.19956,-0.17057,-0.14090,-0.10983,-0.07807,-0.04804,-0.02362,-0.00910,-0.00771,-0.02008,-0.04361,-0.07304,-0.10209,-0.12545,-0.13994,-0.14468,-0.14027,-0.12793,-0.10924,-0.08650,-0.06311,-0.04349,-0.03204,-0.03154,-0.04193,-0.06010,-0.08090,-0.09898,-0.11071,-0.11517,-0.11405,-0.11071,-0.10898,-0.11241,-0.12401,-0.14643,-0.18175,-0.23090,-0.29253,-0.36197,-0.43092,-0.48833,-0.52264,-0.52480,-0.49114,-0.42495,-0.33585,-0.23720,-0.14241,-0.06163,-0.00009,0.04159,0.06558,0.07461
-0.34997,-0.35273,-0.36014,-0.37318,-0.39255,-0.41815,-0.44879,-0.48225,-0.51554,-0.54541,-0.56921,-0.58598,-0.59694,-0.60495,-0.61290,-0.62200,-0.63095,-0.63669,-0.63609,-0.62791,-0.61365,-0.59745,-0.58471,-0.58035,-0.58703,-0.60409,-0.62764,-0.65176,-0.67039,-0.67903,-0.67550,-0.65982,-0.63341,-0.59828,-0.55666,-0.51088,-0.46340,-0.41665,-0.37258,-0.33232,-0.29605,-0.26314,-0.23244,-0.20272,-0.17300,-0.14299,-0.11341,-0.08625,-0.06452,-0.05149,-0.04949,-0.05880,-0.07706,-0.09978,-0.12155,-0.13768,-0.14529,-0.14358,-0.13334,-0.11639,-0.09518,-0.07291,-0.05357,-0.04144,-0.03999,-0.05043,-0.07082,-0.09639,-0.12107,-0.13963,-0.14942,-0.15090,-0.14684,-0.14085,-0.13603,-0.13462,-0.13849,-0.14991,-0.17188,-0.20740,-0.25781,-0.32103,-0.39045,-0.45533,-0.50304,-0.52229,-0.50670,-0.45692,-0.38063,-0.29023,-0.19914,-0.11840,-0.05457,-0.00978,0.01683,0.02707
-0.29902,-0.29869,-0.29912,-0.30274,-0.31201,-0.32818,-0.35084,-0.37791,-0.40611,-0.43176,-0.45183,-0.46515,-0.47291,-0.47813,-0.48407,-0.49239,-0.50225,-0.51088,-0.51514,-0.51326,-0.50598,-0.49664,-0.49034,-0.49227,-0.50576,-0.53077,-0.56343,-0.59723,-0.62515,-0.64191,-0.64515,-0.63538,-0.61484,-0.58628,-0.55214,-0.51444,-0.47490,-0.43509,-0.39632,-0.35946,-0.32480,-0.29214,-0.26094,-0.23060,-0.20071,-0.17133,-0.14328,-0.11821,-0.09844,-0.08632,-0.08339,-0.08951,-0.10249,-0.11842,-0.13275,-0.14149,-0.14227,-0.13465,-0.11991,-0.10044,-0.07943,-0.06062,-0.04808,-0.04556,-0.05533,-0.07698,-0.10683,-0.13875,-0.16611,-0.18413,-0.19151,-0.19041,-0.18489,-0.17882,-0.17436,-0.17193,-0.17147,-0.17412,-0.18306,-0.20299,-0.23813,-0.28962,-0.35363,-0.42095,-0.47881,-0.51428,-0.51811,-0.48771,-0.42781,-0.34887,-0.26369,-0.18393,-0.11772,-0.06916,-0.03922,-0.02743
-0.26871,-0.26582,-0.26033,-0.25579,-0.25583,-0.26267,-0.27640,-0.29504,-0.31526,-0.33332,-0.34629,-0.35311,-0.35510,-0.35536,-0.35732,-0.36299,-0.37207,-0.38231,-0.39076,-0.39525,-0.39557,-0.39398,-0.39489,-0.40349,-0.42372,-0.45617,-0.49723,-0.53994,-0.57640,-0.60054,-0.60980,-0.60507,-0.58939,-0.56625,-0.53840,-0.50761,-0.47495,-0.44123,-0.40721,-0.37353,-0.34064,-0.30869,-0.27762,-0.24732,-0.21774,-0.18922,-0.16260,-0.13929,-0.12105,-0.10953,-0.10559,-0.10873,-0.11685,-0.12661,-0.13421,-0.13649,-0.13179,-0.12026,-0.10375,-0.08518,-0.06812,-0.05633,-0.05345,-0.06224,-0.08364,-0.11568,-0.15326,-0.18930,-0.21698,-0.23233,-0.23564,-0.23100,-0.22398,-0.21891,-0.21707,-0.21694,-0.21606,-0.21360,-0.21202,-0.21700,-0.23527,-0.27152,-0.32543,-0.39038,-0.45451,-0.50385,-0.52653,-0.51638,-0.47459,-0.40896,-0.33111,-0.25310,-0.18469,-0.13218,-0.09865,-0.08516
-0.26020,-0.25555,-0.24593,-0.23539,-0.22813,-0.22679,-0.23166,-0.24087,-0.25130,-0.25959,-0.26334,-0.26192,-0.25680,-0.25100,-0.24780,-0.24934,-0.25585,-0.26575,-0.27655,-0.28587,-0.29267,-0.29807,-0.30558,-0.32014,-0.34609,-0.38466,-0.43254,-0.48250,-0.52594,-0.55610,-0.57009,-0.56913,-0.55693,-0.53764,-0.51436,-0.48869,-0.46117,-0.43203,-0.40160,-0.37041,-0.33909,-0.30814,-0.27783,-0.24832,-0.21977,-0.19259,-0.16760,-0.14599,-0.12911,-0.11808,-0.11325,-0.11386,-0.11794,-0.12265,-0.12501,-0.12279,-0.11517,-0.10306,-0.08883,-0.07568,-0.06704,-0.06610,-0.07548,-0.09667,-0.12918,-0.16976,-0.21235,-0.24939,-0.27432,-0.28421,-0.28104,-0.27084,-0.26084,-0.25608,-0.25740,-0.26155,-0.26363,-0.26031,-0.25246,-0.24565,-0.24840,-0.26863,-0.30981,-0.36862,-0.43494,-0.49457,-0.53348,-0.54207,-0.51786,-0.46571,-0.39575,-0.32017,-0.25021,-0.19426,-0.15749,-0.14245
-0.27547,-0.26998,-0.25825,-0.24427,-0.23211,-0.22429,-0.22102,-0.22059,-0.22033,-0.21772,-0.21125,-0.20098,-0.18855,-0.17666,-0.16811,-0.16485,-0.16745,-0.17505,-0.18572,-0.19721,-0.20787,-0.21786,-0.22980,-0.24829,-0.27781,-0.32008,-0.37215,-0.42675,-0.47486,-0.50913,-0.52636,-0.52788,-0.51789,-0.50105,-0.48072,-0.45836,-0.43414,-0.40781,-0.37947,-0.34972,-0.31944,-0.28942,-0.26019,-0.23201,-0.20505,-0.17968,-0.15657,-0.13673,-0.12119,-0.11066,-0.10518,-0.10384,-0.10487,-0.10601,-0.10518,-0.10114,-0.09408,-0.08564,-0.07853,-0.07579,-0.08012,-0.09353,-0.11718,-0.15104,-0.19336,-0.23996,-0.28434,-0.31904,-0.33812,-0.33981,-0.32769,-0.30953,-0.29414,-0.28757,-0.29074,-0.29937,-0.30651,-0.30628,-0.29722,-0.28380,-0.27512,-0.28147,-0.30981,-0.36025,-0.42501,-0.49041,-0.54101,-0.56444,-0.55496,-0.51464,-0.45207,-0.37937,-0.30885,-0.25063,-0.21154,-0.19537
-0.31696,-0.31148,-0.29952,-0.28449,-0.26978,-0.25728,-0.24692,-0.23717,-0.22609,-0.21230,-0.19550,-0.17661,-0.15743,-0.14018,-0.12688,-0.11895,-0.11702,-0.12076,-0.12886,-0.13932,-0.15028,-0.16126,-0.17420,-0.19327,-0.22296,-0.26533,-0.31789,-0.37359,-0.42334,-0.45945,-0.47840,-0.48142,-0.47284,-0.45759,-0.43909,-0.41868,-0.39615,-0.37099,-0.34323,-0.31368,-0.28356,-0.25401,-0.22573,-0.19898,-0.17383,-0.15046,-0.12939,-0.11138,-0.09721,-0.08732,-0.08152,-0.07891,-0.07805,-0.07735,-0.07571,-0.07300,-0.07038,-0.07010,-0.07485,-0.08701,-0.10802,-0.13824,-0.17709,-0.22307,-0.27338,-0.32338,-0.36664,-0.39625,-0.40718,-0.39878,-0.37593,-0.34777,-0.32445,-0.31319,-0.31558,-0.32723,-0.33998,-0.34576,-0.34054,-0.32669,-0.31262,-0.30968,-0.32736,-0.36883,-0.42888,-0.49499,-0.55128,-0.58361,-0.58385,-0.55192,-0.49511,-0.42523,-0.35522,-0.29622,-0.25612,-0.23942
-0.38604,-0.38120,-0.37040,-0.35616,-0.34076,-0.32521,-0.30899,-0.29078,-0.26948,-0.24500,-0.21841,-0.19159,-0.16654,-0.14491,-0.12779,-0.11581,-0.10932,-0.10821,-0.11164,-0.11799,-0.12545,-0.13329,-0.14305,-0.15852,-0.18412,-0.22215,-0.27065,-0.32321,-0.37105,-0.40650,-0.42574,-0.42963,-0.42225,-0.40836,-0.39123,-0.37193,-0.34996,-0.32465,-0.29610,-0.26547,-0.23442,-0.20447,-0.17650,-0.15072,-0.12706,-0.10552,-0.08638,-0.07019,-0.05749,-0.04848,-0.04288,-0.03990,-0.03853,-0.03799,-0.03819,-0.04008,-0.04567,-0.05747,-0.07779,-0.10785,-0.14747,-0.19520,-0.24878,-0.30549,-0.36183,-0.41312,-0.45341,-0.47658,-0.47857,-0.45968,-0.42565,-0.38648,-0.35330,-0.33456,-0.33308,-0.34529,-0.36287,-0.37633,-0.37916,-0.37101,-0.35835,-0.35208,-0.36284,-0.39607,-0.44892,-0.51056,-0.56565,-0.59953,-0.60293,-0.57455,-0.52078,-0.45308,-0.38442,-0.32618,-0.28648,-0.26992
-0.48051,-0.47664,-0.46779,-0.45544,-0.44069,-0.42351,-0.40291,-0.37770,-0.34760,-0.31376,-0.27857,-0.24484,-0.21482,-0.18965,-0.16950,-0.15408,-0.14317,-0.13657,-0.13367,-0.13323,-0.13372,-0.13453,-0.13704,-0.14477,-0.16194,-0.19106,-0.23085,-0.27582,-0.31806,-0.35025,-0.36839,-0.37275,-0.36672,-0.35443,-0.33867,-0.32009,-0.29795,-0.27149,-0.24103,-0.20811,-0.17490,-0.14331,-0.11443,-0.08854,-0.06547,-0.04507,-0.02744,-0.01293,-0.00180,0.00590,0.01053,0.01266,0.01278,0.01086,0.00602,-0.00361,-0.02052,-0.04712,-0.08486,-0.13358,-0.19139,-0.25522,-0.32158,-0.38693,-0.44757,-0.49908,-0.53615,-0.55346,-0.54772,-0.51979,-0.47574,-0.42591,-0.38209,-0.35391,-0.34586,-0.35601,-0.37690,-0.39850,-0.41230,-0.41494,-0.40997,-0.40641,-0.41460,-0.44106,-0.48485,-0.53711,-0.58399,-0.61161,-0.61095,-0.58057,-0.52653,-0.45991,-0.39320,-0.33715,-0.29922,-0.28348
-0.59219,-0.58939,-0.58279,-0.57293,-0.55979,-0.54243,-0.51935,-0.48944,-0.45300,-0.41216,-0.37035,-0.33118,-0.29716,-0.26907,-0.24630,-0.22767,-0.21225,-0.19948,-0.18885,-0.17946,-0.17028,-0.16104,-0.15319,-0.14998,-0.15536,-0.17194,-0.19912,-0.23266,-0.26590,-0.29232,-0.30792,-0.31227,-0.30770,-0.29727,-0.28294,-0.26483,-0.24196,-0.21358,-0.18024,-0.14389,-0.10714,-0.07233,-0.04085,-0.01315,0.01085,0.03128,0.04815,0.06133,0.07076,0.07662,0.07925,0.07898,0.07577,0.06886,0.05661,0.03662,0.00635,-0.03607,-0.09094,-0.15666,-0.22995,-0.30667,-0.38268,-0.45431,-0.51808,-0.57004,-0.60545,-0.61953,-0.60926,-0.57552,-0.52417,-0.46545,-0.41152,-0.37319,-0.35686,-0.36281,-0.38525,-0.41449,-0.44058,-0.45732,-0.46478,-0.46900,-0.47859,-0.49998,-0.53347,-0.57221,-0.60460,-0.61882,-0.60735,-0.56972,-0.51227,-0.44568,-0.38143,-0.32890,-0.29404,-0.27975
-0.70632,-0.70459,-0.70032,-0.69335,-0.68282,-0.66705,-0.64407,-0.61269,-0.57349,-0.52913,-0.48369,-0.44130,-0.40464,-0.37431,-0.34911,-0.32711,-0.30669,-0.28692,-0.26730,-0.24740,-0.22683,-0.20589,-0.18613,-0.17050,-0.16251,-0.16465,-0.17697,-0.19653,-0.21824,-0.23673,-0.24826,-0.25173,-0.24821,-0.23939,-0.22615,-0.20796,-0.18362,-0.15245,-0.11524,-0.07424,-0.03244,0.00747,0.04369,0.07535,0.10221,0.12421,0.14134,0.15366,0.16137,0.16482,0.16434,0.16000,0.15129,0.13692,0.11487,0.08270,0.03831,-0.01921,-0.08897,-0.16818,-0.25270,-0.33806,-0.42026,-0.49610,-0.56268,-0.61660,-0.65349,-0.66858,-0.65853,-0.62358,-0.56886,-0.50415,-0.44184,-0.39386,-0.36866,-0.36900,-0.39125,-0.42672,-0.46474,-0.49668,-0.51912,-0.53444,-0.54851,-0.56652,-0.58921,-0.61163,-0.62496,-0.62037,-0.59303,-0.54428,-0.48125,-0.41418,-0.35313,-0.30542,-0.27483,-0.26255
-0.80372,-0.80308,-0.80132,-0.79785,-0.79124,-0.77928,-0.75958,-0.73071,-0.69316,-0.64968,-0.60454,-0.56202,-0.52488,-0.49353,-0.46635,-0.44089,-0.41500,-0.38750,-0.35808,-0.32693,-0.29450,-0.26171,-0.23025,-0.20264,-0.18172,-0.16965,-0.16689,-0.17173,-0.18070,-0.18975,-0.19566,-0.19683,-0.19309,-0.18469,-0.17132,-0.15181,-0.12476,-0.08956,-0.04717,-0.00005,0.04862,0.09579,0.13912,0.17711,0.20891,0.23408,0.25255,0.26456,0.27064,0.27129,0.26680,0.25692,0.24079,0.21688,0.18327,0.13806,0.08004,0.00945,-0.07177,-0.16011,-0.25131,-0.34128,-0.42681,-0.50563,-0.57568,-0.63408,-0.67648,-0.69764,-0.69325,-0.66227,-0.60870,-0.54160,-0.47343,-0.41722,-0.38338,-0.37719,-0.39737,-0.43671,-0.48455,-0.53055,-0.56816,-0.59602,-0.61658,-0.63286,-0.64531,-0.65054,-0.64270,-0.61662,-0.57089,-0.50932,-0.44008,-0.37293,-0.31618,-0.27459,-0.24933,-0.23955
-0.86561,-0.86620,-0.86740,-0.86837,-0.86734,-0.86170,-0.84864,-0.82631,-0.79488,-0.75684,-0.71630,-0.67739,-0.64272,-0.61246,-0.58466,-0.55646,-0.52542,-0.49036,-0.45140,-0.40957,-0.36624,-0.32299,-0.28156,-0.24396,-0.21221,-0.18796,-0.17183,-0.16303,-0.15952,-0.15852,-0.15746,-0.15443,-0.14828,-0.13800,-0.12223,-0.09924,-0.06747,-0.02638,0.02299,0.07817,0.13586,0.19267,0.24558,0.29219,0.33082,0.36051,0.38117,0.39337,0.39801,0.39578,0.38678,0.37038,0.34543,0.31051,0.26429,0.20593,0.13552,0.05442,-0.03469,-0.12822,-0.22245,-0.31426,-0.40163,-0.48345,-0.55850,-0.62429,-0.67625,-0.70823,-0.71449,-0.69234,-0.64427,-0.57843,-0.50722,-0.44457,-0.40267,-0.38908,-0.40491,-0.44478,-0.49873,-0.55563,-0.60658,-0.64674,-0.67492,-0.69134,-0.69540,-0.68480,-0.65658,-0.60944,-0.54575,-0.47206,-0.39767,-0.33176,-0.28066,-0.24637,-0.22725,-0.22030
-0.87940,-0.88146,-0.88629,-0.89288,-0.89918,-0.90216,-0.89851,-0.88586,-0.86395,-0.83492,-0.80260,-0.77087,-0.74201,-0.71580,-0.68992,-0.66115,-0.62690,-0.58619,-0.53977,-0.48954,-0.43785,-0.38683,-0.33822,-0.29350,-0.25395,-0.22061,-0.19406,-0.17406,-0.15954,-0.14876,-0.13968,-0.13035,-0.11898,-0.10368,-0.08238,-0.05296,-0.01377,0.03567,0.09439,0.16001,0.22919,0.29814,0.36298,0.42018,0.46703,0.50210,0.52540,0.53807,0.54155,0.53664,0.52309,0.49975,0.46516,0.41827,0.35881,0.28748,0.20589,0.11644,0.02207,-0.07414,-0.16951,-0.26225,-0.35164,-0.43759,-0.51960,-0.59536,-0.65990,-0.70603,-0.72645,-0.71667,-0.67754,-0.61612,-0.54448,-0.47712,-0.42760,-0.40548,-0.41416,-0.45040,-0.50565,-0.56897,-0.63001,-0.68111,-0.71746,-0.73616,-0.73494,-0.71199,-0.66686,-0.60194,-0.52332,-0.44025,-0.36307,-0.30029,-0.25622,-0.23010,-0.21759,-0.21364
-0.84278,-0.84660,-0.85577,-0.86909,-0.88410,-0.89719,-0.90439,-0.90275,-0.89163,-0.87306,-0.85081,-0.82861,-0.80840,-0.78950,-0.76905,-0.74340,-0.70979,-0.66742,-0.61762,-0.56312,-0.50701,-0.45187,-0.39943,-0.35076,-0.30657,-0.26742,-0.23370,-0.20540,-0.18192,-0.16209,-0.14432,-0.12674,-0.10726,-0.08362,-0.05340,-0.01433,0.03521,0.09575,0.16645,0.24510,0.32833,0.41180,0.49059,0.55984,0.61575,0.65647,0.68242,0.69558,0.69808,0.69084,0.67301,0.64263,0.59791,0.53829,0.46497,0.38053,0.28824,0.19137,0.09275,-0.00553,-0.10217,-0.19675,-0.28964,-0.38149,-0.47216,-0.55933,-0.63763,-0.69897,-0.73476,-0.73894,-0.71077,-0.65601,-0.58604,-0.51539,-0.45849,-0.42651,-0.42505,-0.45327,-0.50472,-0.56952,-0.63685,-0.69691,-0.74166,-0.76490,-0.76227,-0.73186,-0.67511,-0.59759,-0.50871,-0.42015,-0.34314,-0.28548,-0.24953,-0.23206,-0.22625,-0.22530
-0.76427,-0.77009,-0.78415,-0.80488,-0.82923,-0.85269,-0.87040,-0.87882,-0.87719,-0.86785,-0.85500,-0.84265,-0.83259,-0.82367,-0.81234,-0.79432,-0.76644,-0.72789,-0.68027,-0.62684,-0.57118,-0.51614,-0.46344,-0.41390,-0.36789,-0.32571,-0.28753,-0.25331,-0.22257,-0.19441,-0.16750,-0.14014,-0.11029,-0.07565,-0.03377,0.01757,0.07997,0.15400,0.23902,0.33302,0.43248,0.53240,0.62661,0.70881,0.77407,0.82030,0.84858,0.86202,0.86361,0.85426,0.83232,0.79480,0.73939,0.66619,0.57804,0.47964,0.37602,0.27118,0.16755,0.06601,-0.03361,-0.13210,-0.23056,-0.32990,-0.42995,-0.52825,-0.61916,-0.69421,-0.74411,-0.76174,-0.74500,-0.69820,-0.63151,-0.55887,-0.49493,-0.45208,-0.43799,-0.45447,-0.49766,-0.55948,-0.62944,-0.69631,-0.74928,-0.77899,-0.77877,-0.74604,-0.68345,-0.59903,-0.50497,-0.41494,-0.34090,-0.28998,-0.26282,-0.25402,-0.25472,-0.25663
-0.66010,-0.66802,-0.68713,-0.71535,-0.74867,-0.78139,-0.80756,-0.82305,-0.82732,-0.82357,-0.81712,-0.81276,-0.81255,-0.81490,-0.81549,-0.80914,-0.79196,-0.76271,-0.72295,-0.67607,-0.62585,-0.57520,-0.52581,-0.47830,-0.43288,-0.38962,-0.34858,-0.30964,-0.27237,-0.23605,-0.19963,-0.16169,-0.12039,-0.07352,-0.01875,0.04608,0.12257,0.21140,0.31214,0.42290,0.53992,0.65739,0.76776,0.86322,0.93779,0.98926,1.01955,1.03302,1.03353,1.02192,0.99561,0.95038,0.88342,0.79547,0.69117,0.57741,0.46095,0.34646,0.23585,0.12878,0.02373,-0.08098,-0.18672,-0.29419,-0.40285,-0.51005,-0.61026,-0.69531,-0.75606,-0.78503,-0.77910,-0.74097,-0.67907,-0.60603,-0.53610,-0.48241,-0.45455,-0.45706,-0.48898,-0.54450,-0.61401,-0.68548,-0.74588,-0.78306,-0.78800,-0.75712,-0.69361,-0.60727,-0.51234,-0.42413,-0.35515,-0.31195,-0.29376,-0.29336,-0.30019,-0.30475
-0.54885,-0.55880,-0.58271,-0.61776,-0.65872,-0.69846,-0.72977,-0.74805,-0.75332,-0.75020,-0.74568,-0.74593,-0.75356,-0.76676,-0.78030,-0.78789,-0.78461,-0.76852,-0.74082,-0.70481,-0.66421,-0.62186,-0.57917,-0.53648,-0.49366,-0.45057,-0.40718,-0.36346,-0.31931,-0.27442,-0.22824,-0.17975,-0.12735,-0.06890,-0.00200,0.07560,0.16561,0.26892,0.38527,0.51282,0.64746,0.78245,0.90888,1.01745,1.10123,1.15790,1.19016,1.20353,1.20261,1.18808,1.15639,1.10226,1.02245,0.91848,0.79674,0.66623,0.53532,0.40925,0.28947,0.17456,0.06199,-0.05047,-0.16403,-0.27879,-0.39369,-0.50597,-0.61072,-0.70086,-0.76829,-0.80589,-0.80983,-0.78108,-0.72588,-0.65485,-0.58119,-0.51831,-0.47744,-0.46573,-0.48520,-0.53245,-0.59912,-0.67286,-0.73903,-0.78320,-0.79427,-0.76752,-0.70623,-0.62128,-0.52839,-0.44410,-0.38135,-0.34623,-0.33679,-0.34431,-0.35684,-0.36386
-0.44643,-0.45817,-0.48620,-0.52678,-0.57328,-0.61699,-0.64951,-0.66598,-0.66729,-0.65984,-0.65271,-0.65370,-0.66623,-0.68827,-0.71367,-0.73491,-0.74594,-0.74406,-0.73009,-0.70721,-0.67899,-0.64795,-0.61496,-0.57965,-0.54123,-0.49913,-0.45328,-0.40406,-0.35211,-0.29806,-0.24222,-0.18414,-0.12240,-0.05472,0.02166,0.10938,0.21050,0.32618,0.45635,0.59912,0.74997,0.90126,1.04281,1.16403,1.25706,1.31937,1.35415,1.36761,1.36476,1.34609,1.30732,1.24250,1.14837,1.02735,0.88753,0.73971,0.59358,0.45486,0.32463,0.20067,0.07981,-0.04035,-0.16056,-0.28022,-0.39773,-0.51054,-0.61485,-0.70535,-0.77569,-0.81968,-0.83303,-0.81492,-0.76901,-0.70341,-0.62967,-0.56096,-0.50974,-0.48550,-0.49300,-0.53123,-0.59319,-0.66665,-0.73592,-0.78494,-0.80104,-0.77849,-0.72044,-0.63833,-0.54890,-0.46950,-0.41336,-0.38619,-0.38506,-0.39997,-0.41777,-0.42705
-0.36296,-0.37612,-0.40725,-0.45155,-0.50094,-0.54521,-0.57503,-0.58561,-0.57899,-0.56349,-0.55029,-0.54881,-0.56315,-0.59104,-0.62539,-0.65752,-0.68045,-0.69096,-0.68978,-0.68008,-0.66531,-0.64744,-0.62639,-0.60059,-0.56813,-0.52777,-0.47940,-0.42412,-0.36380,-0.30052,-0.23581,-0.16997,-0.10169,-0.02829,0.05366,0.14754,0.25597,0.38050,0.52124,0.67620,0.84048,1.00573,1.16077,1.29394,1.39651,1.46548,1.50389,1.51797,1.51270,1.48833,1.44034,1.36284,1.25315,1.11486,0.95752,0.79334,0.63288,0.48214,0.34193,0.20959,0.08164,-0.04420,-0.16820,-0.28915,-0.40518,-0.51430,-0.61423,-0.70183,-0.77282,-0.82220,-0.84539,-0.83979,-0.80632,-0.75026,-0.68107,-0.61116,-0.55368,-0.51998,-0.51718,-0.54644,-0.60216,-0.67250,-0.74135,-0.79169,-0.80992,-0.78970,-0.73404,-0.65473,-0.56906,-0.49481,-0.44529,-0.42578,-0.43247,-0.45427,-0.47695,-0.48831
-0.30205,-0.31616,-0.34914,-0.39507,-0.44444,-0.48589,-0.50963,-0.51135,-0.49447,-0.46912,-0.44822,-0.44235,-0.45599,-0.48646,-0.52581,-0.56451,-0.59509,-0.61430,-0.62314,-0.62505,-0.62332,-0.61918,-0.61123,-0.59629,-0.57098,-0.53318,-0.48280,-0.42182,-0.35368,-0.28219,-0.21036,-0.13930,-0.06779,0.00745,0.09077,0.18645,0.29787,0.42701,0.57413,0.73721,0.91112,1.08707,1.25331,1.39745,1.50994,1.58688,1.63040,1.64593,1.63786,1.60631,1.54714,1.45539,1.32972,1.17515,1.00245,0.82463,0.65265,0.49249,0.34480,0.20677,0.07489,-0.05292,-0.17662,-0.29475,-0.40564,-0.50818,-0.60172,-0.68527,-0.75654,-0.81165,-0.84579,-0.85474,-0.83680,-0.79436,-0.73456,-0.66854,-0.60953,-0.57012,-0.55928,-0.58004,-0.62815,-0.69244,-0.75684,-0.80412,-0.82044,-0.79941,-0.74419,-0.66680,-0.58471,-0.51573,-0.47289,-0.46090,-0.47508,-0.50338,-0.53063,-0.54395
-0.26191,-0.27644,-0.30992,-0.35529,-0.40185,-0.43754,-0.45272,-0.44408,-0.41651,-0.38160,-0.35333,-0.34272,-0.35407,-0.38418,-0.42449,-0.46513,-0.49869,-0.52243,-0.53798,-0.54913,-0.55900,-0.56791,-0.57294,-0.56914,-0.55157,-0.51721,-0.46601,-0.40090,-0.32687,-0.24949,-0.17320,-0.09991,-0.02842,0.04518,0.12622,0.21992,0.33037,0.45994,0.60903,0.77567,0.95472,1.13742,1.31193,1.46554,1.58792,1.67387,1.72388,1.74175,1.73083,1.69121,1.61980,1.51344,1.37276,1.20441,1.02004,0.83291,0.65380,0.48842,0.33733,0.19777,0.06638,-0.05880,-0.17779,-0.28940,-0.39261,-0.48739,-0.57459,-0.65491,-0.72756,-0.78948,-0.83567,-0.86059,-0.86036,-0.83474,-0.78847,-0.73103,-0.67511,-0.63380,-0.61734,-0.63027,-0.66961,-0.72503,-0.78098,-0.82066,-0.83074,-0.80540,-0.74836,-0.67189,-0.59334,-0.53005,-0.49436,-0.49011,-0.51177,-0.54637,-0.57798,-0.59313
-0.23737,-0.25177,-0.28442,-0.32720,-0.36859,-0.39642,-0.40185,-0.38299,-0.34617,-0.30389,-0.27027,-0.25590,-0.26442,-0.29202,-0.32996,-0.36863,-0.40132,-0.42613,-0.44544,-0.46337,-0.48274,-0.50290,-0.51950,-0.52598,-0.51604,-0.48591,-0.43560,-0.36887,-0.29202,-0.21206,-0.13459,-0.06212,0.00660,0.07604,0.15232,0.24145,0.34800,0.47454,0.62158,0.78723,0.96667,1.15162,1.33072,1.49138,1.62261,1.71769,1.77486,1.79574,1.78235,1.73486,1.65175,1.53225,1.37936,1.20129,1.01023,0.81911,0.63809,0.47245,0.32263,0.18611,0.05974,-0.05851,-0.16907,-0.27158,-0.36598,-0.45336,-0.53566,-0.61458,-0.69015,-0.75975,-0.81825,-0.85925,-0.87730,-0.87010,-0.84011,-0.79492,-0.74605,-0.70636,-0.68673,-0.69272,-0.72251,-0.76674,-0.81076,-0.83880,-0.83875,-0.80605,-0.74533,-0.66920,-0.59461,-0.53796,-0.51037,-0.51455,-0.54395,-0.58486,-0.62071,-0.63763
-0.22229,-0.23603,-0.26657,-0.30509,-0.33969,-0.35872,-0.35474,-0.32752,-0.28454,-0.23849,-0.20273,-0.18661,-0.19265,-0.21661,-0.25005,-0.28421,-0.31351,-0.33704,-0.35780,-0.38007,-0.40625,-0.43489,-0.46052,-0.47543,-0.47240,-0.44714,-0.39971,-0.33442,-0.25842,-0.17962,-0.10433,-0.03537,0.02864,0.09257,0.16305,0.24644,0.34746,0.46862,0.61035,0.77092,0.94608,1.12845,1.30770,1.47178,1.60934,1.71211,1.77592,1.80000,1.78494,1.73111,1.63877,1.50971,1.34925,1.16688,0.97487,0.78540,0.60770,0.44647,0.30216,0.17252,0.05464,-0.05369,-0.15363,-0.24588,-0.33155,-0.41266,-0.49177,-0.57091,-0.65029,-0.72741,-0.79709,-0.85264,-0.88774,-0.89866,-0.88598,-0.85531,-0.81654,-0.78164,-0.76135,-0.76175,-0.78189,-0.81345,-0.84306,-0.85649,-0.84348,-0.80130,-0.73588,-0.66020,-0.59052,-0.54184,-0.52363,-0.53713,-0.57473,-0.62203,-0.66206,-0.68069
-0.21191,-0.22444,-0.25174,-0.28473,-0.31180,-0.32243,-0.31090,-0.27861,-0.23372,-0.18835,-0.15425,-0.13890,-0.14359,-0.16381,-0.19189,-0.22038,-0.24498,-0.26568,-0.28586,-0.30973,-0.33935,-0.37279,-0.40407,-0.42497,-0.42782,-0.40807,-0.36569,-0.30508,-0.23366,-0.15962,-0.08944,-0.02594,0.03239,0.09064,0.15552,0.23331,0.32840,0.44293,0.57705,0.72918,0.89580,1.07077,1.24516,1.40794,1.54775,1.65509,1.72363,1.75039,1.73469,1.67717,1.57976,1.44652,1.28459,1.10420,0.91721,0.73471,0.56484,0.41176,0.27594,0.15554,0.04791,-0.04937,-0.13820,-0.22038,-0.29809,-0.37401,-0.45093,-0.53074,-0.61346,-0.69653,-0.77490,-0.84200,-0.89132,-0.91836,-0.92233,-0.90701,-0.88042,-0.85306,-0.83483,-0.83167,-0.84307,-0.86172,-0.87576,-0.87303,-0.84564,-0.79311,-0.72291,-0.64835,-0.58479,-0.54546,-0.53783,-0.56143,-0.60756,-0.66125,-0.70531,-0.72557
-0.20465,-0.21542,-0.23842,-0.26498,-0.28454,-0.28824,-0.27219,-0.23902,-0.19695,-0.15675,-0.12799,-0.11603,-0.12091,-0.13816,-0.16113,-0.18381,-0.20310,-0.21965,-0.23696,-0.25907,-0.28797,-0.32180,-0.35481,-0.37901,-0.38678,-0.37337,-0.33837,-0.28570,-0.22234,-0.15612,-0.09321,-0.03624,0.01640,0.06972,0.13011,0.20329,0.29293,0.40045,0.52557,0.66680,0.82136,0.98454,1.14907,1.30526,1.44221,1.54972,1.61991,1.64812,1.63274,1.57471,1.47729,1.34612,1.18942,1.01741,0.84103,0.67004,0.51150,0.36906,0.24335,0.13297,0.03564,-0.05113,-0.12979,-0.20298,-0.27362,-0.34484,-0.41939,-0.49890,-0.58310,-0.66938,-0.75299,-0.82775,-0.88745,-0.92740,-0.94596,-0.94549,-0.93220,-0.91471,-0.90144,-0.89746,-0.90219,-0.90910,-0.90802,-0.88919,-0.84748,-0.78495,-0.71066,-0.63820,-0.58186,-0.55286,-0.55647,-0.59045,-0.64502,-0.70477,-0.75252,-0.77421
-0.20272,-0.21118,-0.22885,-0.24831,-0.26080,-0.25954,-0.24235,-0.21253,-0.17758,-0.14631,-0.12585,-0.11947,-0.12618,-0.14171,-0.16050,-0.17781,-0.19144,-0.20239,-0.21408,-0.23050,-0.25395,-0.28336,-0.31402,-0.33889,-0.35080,-0.34479,-0.31958,-0.27795,-0.22569,-0.16964,-0.11536,-0.06517,-0.01754,0.03211,0.08947,0.15933,0.24432,0.34499,0.46046,0.58925,0.72931,0.87730,1.02768,1.17231,1.30119,1.40405,1.47223,1.50013,1.48566,1.43008,1.33748,1.21435,1.06904,0.91108,0.75000,0.59408,0.44929,0.31891,0.20380,0.10311,0.01503,-0.06276,-0.13292,-0.19850,-0.26281,-0.32915,-0.40021,-0.47741,-0.56035,-0.64654,-0.73160,-0.80991,-0.87578,-0.92479,-0.95502,-0.96790,-0.96808,-0.96222,-0.95675,-0.95518,-0.95626,-0.95397,-0.93977,-0.90648,-0.85191,-0.78070,-0.70350,-0.63408,-0.58554,-0.56708,-0.58180,-0.62568,-0.68797,-0.75301,-0.80383,-0.82668
-0.21112,-0.21671,-0.22811,-0.23982,-0.24563,-0.24115,-0.22564,-0.20244,-0.17764,-0.15773,-0.14735,-0.14796,-0.15784,-0.17303,-0.18885,-0.20147,-0.20920,-0.21304,-0.21628,-0.22307,-0.23648,-0.25687,-0.28136,-0.30446,-0.31980,-0.32210,-0.30879,-0.28077,-0.24194,-0.19768,-0.15266,-0.10898,-0.06544,-0.01821,0.03736,0.10489,0.18590,0.27997,0.38564,0.50137,0.62570,0.75650,0.88983,1.01918,1.13570,1.22967,1.29242,1.31810,1.30461,1.25354,1.16943,1.05887,0.92963,0.78988,0.64745,0.50900,0.37949,0.26187,0.15731,0.06555,-0.01464,-0.08516,-0.14854,-0.20779,-0.26627,-0.32723,-0.39331,-0.46591,-0.54475,-0.62761,-0.71055,-0.78857,-0.85663,-0.91085,-0.94952,-0.97363,-0.98668,-0.99344,-0.99808,-1.00210,-1.00306,-0.99502,-0.97092,-0.92609,-0.86118,-0.78331,-0.70456,-0.63878,-0.59796,-0.58941,-0.61420,-0.66676,-0.73547,-0.80463,-0.85763,-0.88126
-0.23513,-0.23743,-0.24173,-0.24506,-0.24424,-0.23739,-0.22503,-0.21004,-0.19666,-0.18891,-0.18913,-0.19730,-0.21123,-0.22726,-0.24130,-0.24998,-0.25173,-0.24736,-0.24003,-0.23422,-0.23409,-0.24193,-0.25714,-0.27629,-0.29406,-0.30485,-0.30448,-0.29149,-0.26737,-0.23565,-0.20000,-0.16239,-0.12221,-0.07666,-0.02232,0.04321,0.12039,0.20795,0.30394,0.40674,0.51531,0.62849,0.74367,0.85580,0.95739,1.03962,1.09439,1.11622,1.10337,1.05776,0.98408,0.88856,0.77789,0.65857,0.53651,0.41677,0.30329,0.19874,0.10456,0.02111,-0.05221,-0.11677,-0.17466,-0.22856,-0.28155,-0.33671,-0.39662,-0.46277,-0.53515,-0.61194,-0.68976,-0.76424,-0.83110,-0.88718,-0.93126,-0.96434,-0.98908,-1.00859,-1.02477,-1.03690,-1.04102,-1.03096,-1.00082,-0.94809,-0.87601,-0.79383,-0.71484,-0.65295,-0.61917,-0.61921,-0.65242,-0.71188,-0.78535,-0.85719,-0.91138,-0.93534
-0.27746,-0.27624,-0.27301,-0.26749,-0.25968,-0.25030,-0.24093,-0.23385,-0.23139,-0.23516,-0.24547,-0.26112,-0.27957,-0.29732,-0.31058,-0.31611,-0.31219,-0.29940,-0.28081,-0.26130,-0.24620,-0.23975,-0.24380,-0.25717,-0.27581,-0.29394,-0.30578,-0.30742,-0.29778,-0.27834,-0.25171,-0.21979,-0.18268,-0.13877,-0.08592,-0.02285,0.05003,0.13087,0.21741,0.30796,0.40176,0.49825,0.59586,0.69076,0.77672,0.84609,0.89168,0.90872,0.89599,0.85580,0.79281,0.71266,0.62081,0.52205,0.42044,0.31947,0.22209,0.13067,0.04684,-0.02854,-0.09547,-0.15473,-0.20787,-0.25706,-0.30493,-0.35421,-0.40736,-0.46596,-0.53029,-0.59903,-0.66941,-0.73783,-0.80086,-0.85619,-0.90328,-0.94327,-0.97823,-1.00983,-1.03791,-1.05959,-1.06936,-1.06060,-1.02820,-0.97140,-0.89544,-0.81132,-0.73329,-0.67527,-0.64754,-0.65453,-0.69424,-0.75867,-0.83512,-0.90817,-0.96252,-0.98639
-0.33619,-0.33158,-0.32100,-0.30669,-0.29159,-0.27883,-0.27108,-0.27015,-0.27673,-0.29039,-0.30971,-0.33244,-0.35563,-0.37576,-0.38907,-0.39229,-0.38353,-0.36325,-0.33449,-0.30245,-0.27341,-0.25319,-0.24577,-0.25204,-0.26935,-0.29209,-0.31335,-0.32711,-0.32993,-0.32136,-0.30290,-0.27632,-0.24242,-0.20070,-0.15021,-0.09061,-0.02289,0.05083,0.12816,0.20743,0.28799,0.36965,0.45147,0.53059,0.60192,0.65894,0.69551,0.70765,0.69473,0.65932,0.60600,0.53982,0.46516,0.38531,0.30274,0.21953,0.13769,0.05920,-0.01425,-0.08148,-0.14202,-0.19614,-0.24482,-0.28970,-0.33284,-0.37655,-0.42298,-0.47369,-0.52918,-0.58860,-0.64992,-0.71046,-0.76780,-0.82059,-0.86894,-0.91418,-0.95783,-1.00030,-1.03969,-1.07127,-1.08814,-1.08317,-1.05174,-0.99427,-0.91751,-0.83364,-0.75761,-0.70339,-0.68070,-0.69307,-0.73745,-0.80503,-0.88279,-0.95568,-1.00925,-1.03261
-0.40468,-0.39719,-0.38034,-0.35825,-0.33624,-0.31944,-0.31162,-0.31448,-0.32764,-0.34915,-0.37616,-0.40543,-0.43344,-0.45640,-0.47045,-0.47224,-0.45996,-0.43410,-0.39779,-0.35640,-0.31662,-0.28518,-0.26745,-0.26596,-0.27944,-0.30289,-0.32904,-0.35056,-0.36229,-0.36209,-0.35037,-0.32866,-0.29820,-0.25942,-0.21232,-0.15727,-0.09558,-0.02942,0.03893,0.10789,0.17687,0.24581,0.31416,0.37975,0.43845,0.48482,0.51363,0.52163,0.50858,0.47717,0.43184,0.37719,0.31684,0.25300,0.18695,0.11963,0.05219,-0.01389,-0.07705,-0.13599,-0.18994,-0.23881,-0.28310,-0.32392,-0.36277,-0.40141,-0.44159,-0.48465,-0.53116,-0.58070,-0.63203,-0.68354,-0.73396,-0.78298,-0.83136,-0.88048,-0.93131,-0.98316,-1.03268,-1.07369,-1.09821,-1.09866,-1.07065,-1.01532,-0.94033,-0.85863,-0.78558,-0.73515,-0.71672,-0.73316,-0.78067,-0.84979,-0.92737,-0.99883,-1.05073,-1.07320
-0.47332,-0.46393,-0.44281,-0.41523,-0.38797,-0.36759,-0.35880,-0.36355,-0.38102,-0.40834,-0.44164,-0.47672,-0.50937,-0.53533,-0.55056,-0.55182,-0.53754,-0.50853,-0.46807,-0.42148,-0.37529,-0.33632,-0.31044,-0.30118,-0.30852,-0.32852,-0.35435,-0.37843,-0.39462,-0.39959,-0.39273,-0.37508,-0.34804,-0.31265,-0.26962,-0.21983,-0.16475,-0.10641,-0.04684,0.01254,0.07123,0.12927,0.18631,0.24073,0.28920,0.32715,0.35012,0.35531,0.34260,0.31458,0.27547,0.22959,0.18015,0.12885,0.07620,0.02235,-0.03231,-0.08687,-0.14009,-0.19075,-0.23800,-0.28150,-0.32142,-0.35838,-0.39335,-0.42753,-0.46215,-0.49819,-0.53614,-0.57590,-0.61699,-0.65891,-0.70166,-0.74600,-0.79330,-0.84498,-0.90146,-0.96107,-1.01931,-1.06891,-1.10111,-1.10798,-1.08518,-1.03421,-0.96314,-0.88525,-0.81608,-0.76956,-0.75484,-0.77433,-0.82363,-0.89285,-0.96883,-1.03762,-1.08695,-1.10816
-0.53260,-0.52257,-0.49998,-0.47040,-0.44112,-0.41929,-0.41022,-0.41623,-0.43654,-0.46797,-0.50603,-0.54579,-0.58233,-0.61093,-0.62741,-0.62875,-0.61385,-0.58395,-0.54249,-0.49449,-0.44590,-0.40294,-0.37125,-0.35473,-0.35435,-0.36747,-0.38845,-0.41027,-0.42667,-0.43358,-0.42948,-0.41477,-0.39071,-0.35863,-0.31974,-0.27530,-0.22692,-0.17644,-0.12558,-0.07544,-0.02634,0.02191,0.06921,0.11438,0.15476,0.18649,0.20564,0.20955,0.19794,0.17301,0.13865,0.09903,0.05732,0.01513,-0.02729,-0.07029,-0.11406,-0.15829,-0.20221,-0.24488,-0.28551,-0.32368,-0.35931,-0.39261,-0.42410,-0.45443,-0.48430,-0.51426,-0.54459,-0.57534,-0.60666,-0.63907,-0.67376,-0.71257,-0.75757,-0.81026,-0.87066,-0.93631,-1.00179,-1.05905,-1.09879,-1.11279,-1.09663,-1.05186,-0.98653,-0.91394,-0.84951,-0.80711,-0.79566,-0.81726,-0.86707,-0.93490,-1.00775,-1.07255,-1.11837,-1.13790
-0.57602,-0.56672,-0.54576,-0.51836,-0.49140,-0.47181,-0.46487,-0.47310,-0.49594,-0.53029,-0.57148,-0.61422,-0.65316,-0.68329,-0.70045,-0.70198,-0.68726,-0.65790,-0.61734,-0.57019,-0.52160,-0.47687,-0.44102,-0.41791,-0.40921,-0.41359,-0.42688,-0.44320,-0.45669,-0.46297,-0.45980,-0.44686,-0.42503,-0.39573,-0.36050,-0.32100,-0.27902,-0.23630,-0.19422,-0.15347,-0.11396,-0.07517,-0.03685,0.00027,0.03407,0.06126,0.07820,0.08217,0.07241,0.05053,0.01998,-0.01521,-0.05168,-0.08759,-0.12254,-0.15708,-0.19183,-0.22706,-0.26252,-0.29769,-0.33202,-0.36507,-0.39660,-0.42654,-0.45497,-0.48212,-0.50819,-0.53329,-0.55740,-0.58058,-0.60333,-0.62692,-0.65355,-0.68609,-0.72736,-0.77919,-0.84144,-0.91116,-0.98231,-1.04627,-1.09335,-1.11507,-1.10683,-1.06991,-1.01203,-0.94612,-0.88730,-0.84921,-0.84059,-0.86329,-0.91216,-0.97690,-1.04491,-1.10420,-1.14544,-1.16284
-0.60206,-0.59463,-0.57801,-0.55667,-0.53653,-0.52353,-0.52227,-0.53496,-0.56110,-0.59780,-0.64059,-0.68423,-0.72340,-0.75321,-0.76980,-0.77090,-0.75626,-0.72761,-0.68817,-0.64200,-0.59352,-0.54730,-0.50773,-0.47852,-0.46177,-0.45721,-0.46205,-0.47163,-0.48078,-0.48507,-0.48171,-0.46969,-0.44943,-0.42226,-0.39004,-0.35487,-0.31887,-0.28385,-0.25087,-0.22006,-0.19071,-0.16172,-0.13236,-0.10287,-0.07491,-0.05138,-0.03574,-0.03095,-0.03834,-0.05705,-0.08420,-0.11593,-0.14867,-0.18013,-0.20960,-0.23752,-0.26481,-0.29222,-0.32007,-0.34835,-0.37680,-0.40510,-0.43290,-0.45989,-0.48584,-0.51059,-0.53396,-0.55568,-0.57542,-0.59304,-0.60908,-0.62519,-0.64427,-0.67000,-0.70606,-0.75490,-0.81660,-0.88810,-0.96307,-1.03256,-1.08661,-1.11651,-1.11733,-1.08982,-1.04102,-0.98314,-0.93076,-0.89718,-0.89089,-0.91352,-0.95979,-1.01949,-1.08070,-1.13281,-1.16832,-1.18311
-0.61444,-0.60951,-0.59883,-0.58611,-0.57609,-0.57336,-0.58126,-0.60111,-0.63203,-0.67118,-0.71443,-0.75698,-0.79404,-0.82132,-0.83558,-0.83501,-0.81948,-0.79049,-0.75076,-0.70382,-0.65362,-0.60439,-0.56031,-0.52502,-0.50089,-0.48831,-0.48549,-0.48882,-0.49376,-0.49599,-0.49231,-0.48107,-0.46219,-0.43687,-0.40727,-0.37603,-0.34578,-0.31854,-0.29512,-0.27503,-0.25671,-0.23828,-0.21833,-0.19666,-0.17453,-0.15456,-0.14014,-0.13443,-0.13935,-0.15476,-0.17843,-0.20681,-0.23621,-0.26395,-0.28889,-0.31127,-0.33211,-0.35255,-0.37348,-0.39541,-0.41848,-0.44251,-0.46713,-0.49180,-0.51602,-0.53935,-0.56132,-0.58138,-0.59885,-0.61328,-0.62497,-0.63552,-0.64806,-0.66689,-0.69652,-0.74024,-0.79878,-0.86944,-0.94600,-1.01947,-1.07978,-1.11803,-1.12878,-1.11200,-1.07373,-1.02516,-0.98007,-0.95117,-0.94666,-0.96798,-1.00982,-1.06236,-1.11470,-1.15792,-1.18656,-1.19826
-0.62095,-0.61845,-0.61372,-0.61003,-0.61121,-0.62053,-0.63978,-0.66892,-0.70615,-0.74834,-0.79157,-0.83167,-0.86476,-0.88758,-0.89776,-0.89399,-0.87608,-0.84499,-0.80274,-0.75235,-0.69765,-0.64303,-0.59289,-0.55102,-0.51996,-0.50045,-0.49130,-0.48962,-0.49139,-0.49243,-0.48917,-0.47938,-0.46246,-0.43941,-0.41264,-0.38540,-0.36096,-0.34171,-0.32833,-0.31964,-0.31315,-0.30601,-0.29609,-0.28271,-0.26684,-0.25091,-0.23824,-0.23211,-0.23481,-0.24681,-0.26654,-0.29090,-0.31633,-0.33997,-0.36033,-0.37740,-0.39217,-0.40608,-0.42052,-0.43654,-0.45471,-0.47508,-0.49723,-0.52045,-0.54399,-0.56713,-0.58919,-0.60940,-0.62681,-0.64056,-0.65046,-0.65769,-0.66521,-0.67760,-0.70004,-0.73681,-0.78967,-0.85673,-0.93233,-1.00783,-1.07328,-1.11955,-1.14064,-1.13550,-1.10890,-1.07073,-1.03367,-1.00967,-1.00642,-1.02516,-1.06073,-1.10401,-1.14547,-1.17819,-1.19893,-1.20713
-0.63100,-0.63023,-0.62993,-0.63345,-0.64435,-0.66496,-0.69566,-0.73479,-0.77927,-0.82519,-0.86857,-0.90582,-0.93410,-0.95135,-0.95627,-0.94805,-0.92636,-0.89147,-0.84464,-0.78846,-0.72688,-0.66475,-0.60700,-0.55773,-0.51962,-0.49362,-0.47894,-0.47322,-0.47290,-0.47389,-0.47232,-0.46533,-0.45168,-0.43204,-0.40896,-0.38626,-0.36793,-0.35682,-0.35362,-0.35657,-0.36221,-0.36670,-0.36716,-0.36244,-0.35333,-0.34211,-0.33197,-0.32614,-0.32700,-0.33541,-0.35038,-0.36945,-0.38948,-0.40776,-0.42267,-0.43394,-0.44249,-0.44993,-0.45809,-0.46854,-0.48232,-0.49973,-0.52032,-0.54321,-0.56734,-0.59175,-0.61556,-0.63778,-0.65725,-0.67268,-0.68328,-0.68952,-0.69385,-0.70072,-0.71582,-0.74438,-0.78942,-0.85030,-0.92239,-0.99777,-1.06682,-1.12030,-1.15155,-1.15839,-1.14412,-1.11711,-1.08868,-1.06971,-1.06721,-1.08215,-1.10970,-1.14178,-1.17063,-1.19156,-1.20362,-1.20803
-0.65296,-0.65283,-0.65450,-0.66192,-0.67905,-0.70796,-0.74801,-0.79608,-0.84758,-0.89754,-0.94158,-0.97643,-1.00014,-1.01183,-1.01123,-0.99804,-0.97179,-0.93214,-0.87969,-0.81670,-0.74727,-0.67675,-0.61056,-0.55315,-0.50737,-0.47440,-0.45393,-0.44421,-0.44224,-0.44409,-0.44554,-0.44299,-0.43436,-0.41977,-0.40167,-0.38429,-0.37231,-0.36917,-0.37567,-0.38966,-0.40689,-0.42261,-0.43321,-0.43713,-0.43495,-0.42886,-0.42182,-0.41679,-0.41596,-0.42033,-0.42941,-0.44148,-0.45421,-0.46535,-0.47341,-0.47799,-0.47988,-0.48073,-0.48270,-0.48791,-0.49785,-0.51308,-0.53317,-0.55701,-0.58322,-0.61051,-0.63775,-0.66380,-0.68725,-0.70645,-0.71994,-0.72736,-0.73037,-0.73302,-0.74118,-0.76096,-0.79674,-0.84942,-0.91579,-0.98898,-1.05994,-1.11938,-1.16004,-1.17857,-1.17674,-1.16123,-1.14171,-1.12773,-1.12536,-1.13530,-1.15325,-1.17252,-1.18745,-1.19577,-1.19876,-1.19927
-0.69177,-0.69124,-0.69241,-0.70016,-0.71933,-0.75234,-0.79810,-0.85245,-0.90943,-0.96295,-1.00795,-1.04119,-1.06132,-1.06836,-1.06286,-1.04500,-1.01428,-0.96997,-0.91218,-0.84294,-0.76642,-0.68820,-0.61393,-0.54820,-0.49404,-0.45310,-0.42578,-0.41129,-0.40742,-0.41052,-0.41604,-0.41950,-0.41771,-0.40988,-0.39808,-0.38670,-0.38097,-0.38495,-0.39980,-0.42327,-0.45055,-0.47620,-0.49595,-0.50785,-0.51226,-0.51118,-0.50724,-0.50293,-0.50006,-0.49951,-0.50124,-0.50444,-0.50781,-0.50993,-0.50968,-0.50663,-0.50138,-0.49553,-0.49149,-0.49182,-0.49852,-0.51243,-0.53313,-0.55925,-0.58903,-0.62080,-0.65312,-0.68464,-0.71374,-0.73840,-0.75657,-0.76702,-0.77049,-0.77038,-0.77250,-0.78369,-0.80964,-0.85296,-0.91205,-0.98133,-1.05247,-1.11634,-1.16516,-1.19454,-1.20472,-1.20055,-1.18984,-1.18046,-1.17741,-1.18113,-1.18813,-1.19347,-1.19381,-1.18930,-1.18328,-1.17996
-0.74765,-0.74615,-0.74528,-0.75081,-0.76854,-0.80156,-0.84890,-0.90589,-0.96570,-1.02126,-1.06688,-1.09907,-1.11672,-1.12036,-1.11110,-1.08947,-1.05505,-1.00696,-0.94513,-0.87139,-0.78981,-0.70582,-0.62489,-0.55149,-0.48884,-0.43920,-0.40406,-0.38392,-0.37766,-0.38215,-0.39251,-0.40324,-0.40981,-0.41019,-0.40566,-0.40049,-0.40032,-0.40985,-0.43083,-0.46123,-0.49612,-0.52957,-0.55682,-0.57547,-0.58556,-0.58874,-0.58722,-0.58289,-0.57699,-0.57025,-0.56305,-0.55556,-0.54776,-0.53928,-0.52956,-0.51820,-0.50555,-0.49306,-0.48331,-0.47925,-0.48338,-0.49683,-0.51921,-0.54885,-0.58354,-0.62117,-0.65994,-0.69826,-0.73429,-0.76571,-0.78991,-0.80486,-0.81034,-0.80900,-0.80643,-0.80994,-0.82645,-0.86017,-0.91119,-0.97528,-1.04500,-1.11155,-1.16691,-1.20582,-1.22707,-1.23360,-1.23109,-1.22555,-1.22079,-1.21719,-1.21233,-1.20328,-1.18912,-1.17230,-1.15786,-1.15102
-0.81637,-0.81395,-0.81095,-0.81352,-0.82802,-0.85817,-0.90345,-0.95929,-1.01862,-1.07389,-1.11892,-1.14993,-1.16574,-1.16703,-1.15514,-1.13079,-1.09370,-1.04305,-0.97875,-0.90254,-0.81823,-0.73079,-0.64522,-0.56565,-0.49541,-0.43746,-0.39459,-0.36881,-0.36028,-0.36650,-0.38236,-0.40130,-0.41728,-0.42676,-0.42993,-0.43063,-0.43473,-0.44762,-0.47185,-0.50602,-0.54544,-0.58407,-0.61671,-0.64047,-0.65491,-0.66118,-0.66087,-0.65521,-0.64490,-0.63052,-0.61293,-0.59339,-0.57321,-0.55320,-0.53340,-0.51347,-0.49346,-0.47463,-0.45963,-0.45179,-0.45407,-0.46793,-0.49293,-0.52710,-0.56773,-0.61218,-0.65829,-0.70421,-0.74794,-0.78689,-0.81799,-0.83849,-0.84731,-0.84633,-0.84075,-0.83818,-0.84647,-0.87123,-0.91407,-0.97212,-1.03895,-1.10634,-1.16633,-1.21305,-1.24395,-1.25999,-1.26459,-1.26178,-1.25429,-1.24260,-1.22564,-1.20263,-1.17502,-1.14719,-1.12546,-1.11563
-0.89083,-0.88816,-0.88429,-0.88498,-0.89638,-0.92242,-0.96312,-1.01455,-1.07007,-1.12227,-1.16484,-1.19377,-1.20768,-1.20712,-1.19336,-1.16715,-1.12827,-1.07603,-1.01043,-0.93318,-0.84779,-0.75877,-0.67052,-0.58680,-0.51099,-0.44672,-0.39795,-0.36810,-0.35859,-0.36757,-0.38973,-0.41755,-0.44347,-0.46233,-0.47304,-0.47880,-0.48553,-0.49931,-0.52372,-0.55832,-0.59907,-0.64006,-0.67583,-0.70294,-0.72025,-0.72819,-0.72764,-0.71915,-0.70301,-0.67975,-0.65084,-0.61864,-0.58577,-0.55412,-0.52431,-0.49600,-0.46900,-0.44433,-0.42469,-0.41380,-0.41502,-0.43010,-0.45854,-0.49796,-0.54509,-0.59677,-0.65043,-0.70406,-0.75553,-0.80211,-0.84040,-0.86709,-0.88035,-0.88131,-0.87471,-0.86816,-0.87012,-0.88722,-0.92234,-0.97386,-1.03650,-1.10287,-1.16539,-1.21784,-1.25647,-1.28028,-1.29045,-1.28912,-1.27807,-1.25814,-1.22979,-1.19435,-1.15533,-1.11859,-1.09116,-1.07905
-0.96367,-0.96171,-0.95897,-0.95995,-0.96972,-0.99178,-1.02663,-1.07131,-1.12021,-1.16664,-1.20459,-1.23005,-1.24142,-1.23898,-1.22373,-1.19622,-1.15615,-1.10282,-1.03633,-0.95841,-0.87245,-0.78268,-0.69317,-0.60746,-0.52898,-0.46181,-0.41071,-0.38006,-0.37216,-0.38564,-0.41509,-0.45216,-0.48801,-0.51597,-0.53362,-0.54337,-0.55110,-0.56354,-0.58537,-0.61741,-0.65654,-0.69729,-0.73403,-0.76272,-0.78140,-0.78960,-0.78740,-0.77475,-0.75165,-0.71888,-0.67856,-0.63411,-0.58925,-0.54675,-0.50765,-0.47163,-0.43825,-0.40841,-0.38490,-0.37177,-0.37277,-0.38984,-0.42232,-0.46739,-0.52111,-0.57977,-0.64047,-0.70107,-0.75949,-0.81303,-0.85815,-0.89117,-0.90968,-0.91411,-0.90862,-0.90055,-0.89850,-0.90970,-0.93798,-0.98287,-1.04028,-1.10389,-1.16674,-1.22253,-1.26648,-1.29582,-1.30970,-1.30858,-1.29359,-1.26612,-1.22812,-1.18279,-1.13526,-1.09230,-1.06114,-1.04760
-1.02958,-1.02920,-1.02943,-1.03288,-1.04276,-1.06164,-1.09026,-1.12677,-1.16699,-1.20542,-1.23678,-1.25732,-1.26535,-1.26085,-1.24439,-1.21610,-1.17530,-1.12111,-1.05356,-0.97446,-0.88738,-0.79671,-0.70669,-0.62097,-0.54311,-0.47734,-0.42859,-0.40149,-0.39858,-0.41868,-0.45627,-0.50256,-0.54776,-0.58403,-0.60776,-0.62053,-0.62802,-0.63749,-0.65476,-0.68196,-0.71712,-0.75539,-0.79114,-0.81975,-0.83833,-0.84545,-0.84036,-0.82254,-0.79196,-0.74980,-0.69893,-0.64366,-0.58851,-0.53679,-0.48977,-0.44710,-0.40826,-0.37413,-0.34766,-0.33320,-0.33482,-0.35453,-0.39142,-0.44210,-0.50199,-0.56676,-0.63323,-0.69927,-0.76303,-0.82205,-0.87295,-0.91192,-0.93614,-0.94541,-0.94316,-0.93612,-0.93260,-0.93998,-0.96268,-1.00124,-1.05280,-1.11220,-1.17327,-1.22979,-1.27629,-1.30855,-1.32408,-1.32210,-1.30333,-1.26978,-1.22470,-1.17277,-1.12014,-1.07391,-1.04109,-1.02700
-1.08645,-1.08802,-1.09208,-1.09907,-1.11005,-1.12631,-1.14859,-1.17617,-1.20641,-1.23531,-1.25865,-1.27324,-1.27746,-1.27103,-1.25398,-1.22578,-1.18506,-1.13042,-1.06166,-0.98071,-0.89161,-0.79947,-0.70924,-0.62518,-0.55108,-0.49098,-0.44932,-0.43014,-0.43552,-0.46404,-0.51016,-0.56498,-0.61836,-0.66173,-0.69056,-0.70561,-0.71224,-0.71804,-0.72974,-0.75076,-0.78033,-0.81436,-0.84737,-0.87426,-0.89129,-0.89605,-0.88702,-0.86340,-0.82536,-0.77466,-0.71491,-0.65108,-0.58811,-0.52947,-0.47644,-0.42866,-0.38562,-0.34836,-0.32007,-0.30532,-0.30835,-0.33111,-0.37237,-0.42813,-0.49312,-0.56249,-0.63281,-0.70208,-0.76887,-0.83127,-0.88631,-0.93036,-0.96038,-0.97558,-0.97851,-0.97498,-0.97255,-0.97834,-0.99707,-1.03010,-1.07569,-1.12984,-1.18723,-1.24195,-1.28810,-1.32058,-1.33577,-1.33212,-1.31018,-1.27253,-1.22336,-1.16829,-1.11394,-1.06727,-1.03467,-1.02081
-1.13450,-1.13775,-1.14502,-1.15490,-1.16645,-1.17973,-1.19538,-1.21359,-1.23321,-1.25182,-1.26648,-1.27481,-1.27547,-1.26795,-1.25166,-1.22513,-1.18604,-1.13213,-1.06277,-0.98002,-0.88859,-0.79470,-0.70459,-0.62349,-0.55558,-0.50449,-0.47360,-0.46564,-0.48157,-0.51943,-0.57366,-0.63568,-0.69553,-0.74446,-0.77737,-0.79429,-0.80009,-0.80237,-0.80848,-0.82289,-0.84597,-0.87449,-0.90327,-0.92691,-0.94093,-0.94207,-0.92822,-0.89846,-0.85339,-0.79546,-0.72900,-0.65934,-0.59146,-0.52863,-0.47195,-0.42102,-0.37551,-0.33668,-0.30796,-0.29406,-0.29917,-0.32504,-0.37005,-0.42966,-0.49799,-0.56974,-0.64137,-0.71114,-0.77824,-0.84151,-0.89871,-0.94664,-0.98222,-1.00411,-1.01384,-1.01599,-1.01707,-1.02355,-1.04016,-1.06885,-1.10886,-1.15723,-1.20950,-1.26017,-1.30338,-1.33362,-1.34681,-1.34101,-1.31680,-1.27711,-1.22671,-1.17160,-1.11837,-1.07351,-1.04260,-1.02957
-1.17409,-1.17804,-1.18650,-1.19688,-1.20693,-1.21588,-1.22424,-1.23286,-1.24183,-1.25019,-1.25637,-1.25900,-1.25718,-1.25022,-1.23681,-1.21438,-1.17938,-1.12850,-1.06046,-0.97734,-0.88458,-0.78969,-0.70042,-0.62325,-0.56286,-0.52241,-0.50399,-0.50861,-0.53578,-0.58273,-0.64391,-0.71130,-0.77562,-0.82842,-0.86440,-0.88299,-0.88841,-0.88796,-0.88921,-0.89735,-0.91372,-0.93598,-0.95939,-0.97846,-0.98815,-0.98455,-0.96515,-0.92915,-0.87772,-0.81411,-0.74322,-0.67051,-0.60068,-0.53654,-0.47882,-0.42709,-0.38124,-0.34278,-0.31529,-0.30340,-0.31105,-0.33965,-0.38713,-0.44854,-0.51762,-0.58884,-0.65871,-0.72591,-0.79037,-0.85193,-0.90925,-0.95973,-1.00041,-1.02939,-1.04710,-1.05672,-1.06339,-1.07269,-1.08907,-1.11488,-1.15011,-1.19269,-1.23894,-1.28400,-1.32230,-1.34852,-1.35855,-1.35046,-1.32491,-1.28498,-1.23561,-1.18274,-1.13262,-1.09103,-1.06272,-1.05086
-1.20315,-1.20647,-1.21328,-1.22075,-1.22639,-1.22918,-1.22961,-1.22887,-1.22787,-1.22684,-1.22556,-1.22376,-1.22115,-1.21693,-1.20903,-1.19368,-1.16599,-1.12146,-1.05803,-0.97760,-0.88614,-0.79228,-0.70517,-0.63255,-0.57970,-0.54948,-0.54283,-0.55917,-0.59653,-0.65125,-0.71775,-0.78865,-0.85553,-0.91060,-0.94868,-0.96877,-0.97440,-0.97225,-0.96977,-0.97250,-0.98255,-0.99840,-1.01584,-1.02946,-1.03389,-1.02477,-0.99944,-0.95737,-0.90045,-0.83271,-0.75953,-0.68631,-0.61723,-0.55446,-0.49832,-0.44829,-0.40446,-0.36853,-0.34400,-0.33520,-0.34556,-0.37594,-0.42392,-0.48431,-0.55080,-0.61796,-0.68259,-0.74399,-0.80296,-0.86038,-0.91593,-0.96771,-1.01289,-1.04905,-1.07545,-1.09376,-1.10761,-1.12151,-1.13944,-1.16388,-1.19538,-1.23262,-1.27269,-1.31139,-1.34378,-1.36502,-1.37138,-1.36114,-1.33503,-1.29614,-1.24922,-1.19991,-1.15391,-1.11624,-1.09085,-1.08029
-1.21629,-1.21770,-1.22012,-1.22154,-1.22023,-1.21558,-1.20816,-1.19913,-1.18971,-1.18094,-1.17381,-1.16924,-1.16767,-1.16832,-1.16843,-1.16310,-1.14612,-1.11180,-1.05722,-0.98383,-0.89770,-0.80807,-0.72505,-0.65734,-0.61087,-0.58859,-0.59082,-0.61600,-0.66102,-0.72146,-0.79158,-0.86442,-0.93239,-0.98845,-1.02775,-1.04908,-1.05531,-1.05241,-1.04740,-1.04589,-1.05051,-1.06044,-1.07204,-1.08005,-1.07897,-1.06422,-1.03312,-0.98561,-0.92433,-0.85404,-0.78046,-0.70882,-0.64267,-0.58352,-0.53124,-0.48521,-0.44562,-0.41419,-0.39414,-0.38917,-0.40193,-0.43266,-0.47862,-0.53464,-0.59475,-0.65401,-0.70987,-0.76236,-0.81327,-0.86450,-0.91670,-0.96864,-1.01763,-1.06068,-1.09593,-1.12352,-1.14554,-1.16531,-1.18622,-1.21069,-1.23969,-1.27251,-1.30692,-1.33946,-1.36592,-1.38214,-1.38491,-1.37282,-1.34670,-1.30947,-1.26561,-1.22029,-1.17857,-1.14480,-1.12223,-1.11287
-1.20603,-1.20474,-1.20121,-1.19497,-1.18583,-1.17405,-1.16020,-1.14506,-1.12962,-1.11534,-1.10424,-1.09847,-1.09936,-1.10635,-1.11619,-1.12305,-1.11961,-1.09915,-1.05781,-0.99635,-0.92034,-0.83890,-0.76233,-0.69983,-0.65796,-0.64015,-0.64700,-0.67679,-0.72601,-0.78971,-0.86185,-0.93555,-1.00369,-1.05986,-1.09963,-1.12177,-1.12867,-1.12564,-1.11915,-1.11467,-1.11514,-1.12026,-1.12689,-1.13000,-1.12406,-1.10442,-1.06857,-1.01692,-0.95283,-0.88167,-0.80939,-0.74094,-0.67930,-0.62533,-0.57850,-0.53813,-0.50437,-0.47879,-0.46409,-0.46305,-0.47738,-0.50658,-0.54771,-0.59593,-0.64598,-0.69379,-0.73774,-0.77878,-0.81962,-0.86310,-0.91072,-0.96179,-1.01367,-1.06287,-1.10648,-1.14319,-1.17364,-1.19996,-1.22484,-1.25059,-1.27840,-1.30808,-1.33802,-1.36544,-1.38683,-1.39871,-1.39842,-1.38489,-1.35901,-1.32357,-1.28270,-1.24109,-1.20322,-1.17283,-1.15264,-1.14432
-1.16597,-1.16202,-1.15280,-1.13967,-1.12422,-1.10762,-1.09027,-1.07216,-1.05365,-1.03630,-1.02300,-1.01716,-1.02117,-1.03491,-1.05496,-1.07490,-1.08664,-1.08267,-1.05828,-1.01323,-0.95205,-0.88290,-0.81542,-0.75871,-0.71977,-0.70297,-0.70993,-0.73980,-0.78941,-0.85372,-0.92631,-1.00002,-1.06778,-1.12349,-1.16309,-1.18548,-1.19283,-1.18994,-1.18276,-1.17654,-1.17432,-1.17617,-1.17932,-1.17900,-1.16974,-1.14693,-1.10826,-1.05458,-0.98980,-0.91970,-0.85031,-0.78626,-0.73001,-0.68191,-0.64120,-0.60710,-0.57974,-0.56036,-0.55090,-0.55309,-0.56754,-0.59308,-0.62669,-0.66414,-0.70121,-0.73499,-0.76494,-0.79296,-0.82258,-0.85737,-0.89947,-0.94859,-1.00213,-1.05616,-1.10685,-1.15168,-1.19000,-1.22286,-1.25227,-1.28030,-1.30830,-1.33643,-1.36357,-1.38748,-1.40525,-1.41395,-1.41142,-1.39688,-1.37133,-1.33746,-1.29908,-1.26045,-1.22558,-1.19775,-1.17933,-1.17174
-1.09411,-1.08840,-1.07560,-1.05867,-1.04063,-1.02317,-1.00621,-0.98865,-0.97002,-0.95183,-0.93777,-0.93249,-0.93952,-0.95941,-0.98889,-1.02136,-1.04843,-1.06210,-1.05694,-1.03160,-0.98909,-0.93587,-0.88020,-0.83041,-0.79372,-0.77557,-0.77920,-0.80532,-0.85186,-0.91409,-0.98536,-1.05805,-1.12478,-1.17945,-1.21824,-1.24025,-1.24762,-1.24488,-1.23759,-1.23070,-1.22722,-1.22742,-1.22885,-1.22701,-1.21657,-1.19303,-1.15427,-1.10140,-1.03859,-0.97177,-0.90683,-0.84805,-0.79743,-0.75504,-0.72003,-0.69169,-0.67009,-0.65608,-0.65072,-0.65461,-0.66731,-0.68706,-0.71102,-0.73577,-0.75831,-0.77701,-0.79240,-0.80717,-0.82543,-0.85125,-0.88715,-0.93313,-0.98663,-1.04344,-1.09909,-1.15013,-1.19493,-1.23362,-1.26763,-1.29871,-1.32823,-1.35653,-1.38276,-1.40503,-1.42082,-1.42767,-1.42380,-1.40873,-1.38358,-1.35092,-1.31435,-1.27778,-1.24485,-1.21858,-1.20117,-1.19398
-0.99466,-0.98865,-0.97558,-0.95932,-0.94351,-0.92971,-0.91695,-0.90300,-0.88664,-0.86940,-0.85574,-0.85143,-0.86107,-0.88596,-0.92327,-0.96663,-1.00777,-1.03863,-1.05329,-1.04924,-1.02775,-0.99319,-0.95185,-0.91084,-0.87718,-0.85728,-0.85611,-0.87624,-0.91710,-0.97474,-1.04256,-1.11261,-1.17711,-1.22980,-1.26694,-1.28784,-1.29475,-1.29205,-1.28501,-1.27827,-1.27469,-1.27463,-1.27594,-1.27442,-1.26504,-1.24347,-1.20767,-1.15877,-1.10088,-1.03971,-0.98073,-0.92780,-0.88256,-0.84499,-0.81440,-0.79032,-0.77286,-0.76244,-0.75926,-0.76282,-0.77179,-0.78407,-0.79720,-0.80874,-0.81692,-0.82131,-0.82325,-0.82593,-0.83372,-0.85088,-0.88011,-0.92161,-0.97294,-1.02982,-1.08746,-1.14193,-1.19096,-1.23411,-1.27229,-1.30691,-1.33914,-1.36922,-1.39630,-1.41861,-1.43391,-1.44007,-1.43568,-1.42056,-1.39592,-1.36426,-1.32891,-1.29351,-1.26147,-1.23573,-1.21854,-1.21142
-0.87726,-0.87250,-0.86263,-0.85148,-0.84232,-0.83584,-0.82998,-0.82161,-0.80909,-0.79420,-0.78211,-0.77945,-0.79161,-0.82052,-0.86391,-0.91601,-0.96908,-1.01537,-1.04874,-1.06574,-1.06592,-1.05147,-1.02654,-0.99665,-0.96828,-0.94835,-0.94317,-0.95704,-0.99090,-1.04187,-1.10385,-1.16894,-1.22922,-1.27834,-1.31263,-1.33156,-1.33747,-1.33467,-1.32810,-1.32203,-1.31908,-1.31963,-1.32182,-1.32193,-1.31534,-1.29797,-1.26782,-1.22580,-1.17555,-1.12217,-1.07047,-1.02372,-0.98331,-0.94934,-0.92152,-0.89980,-0.88442,-0.87544,-0.87228,-0.87353,-0.87721,-0.88119,-0.88356,-0.88293,-0.87863,-0.87108,-0.86211,-0.85499,-0.85397,-0.86322,-0.88547,-0.92107,-0.96779,-1.02152,-1.07758,-1.13200,-1.18237,-1.22800,-1.26944,-1.30772,-1.34349,-1.37659,-1.40584,-1.42938,-1.44512,-1.45129,-1.44690,-1.43210,-1.40819,-1.37753,-1.34315,-1.30838,-1.27649,-1.25050,-1.23294,-1.22561
-0.75434,-0.75203,-0.74792,-0.74496,-0.74515,-0.74784,-0.74993,-0.74780,-0.73994,-0.72867,-0.71971,-0.72010,-0.73550,-0.76817,-0.81642,-0.87525,-0.93781,-0.99700,-1.04677,-1.08300,-1.10384,-1.10955,-1.10226,-1.08584,-1.06584,-1.04909,-1.04256,-1.05162,-1.07850,-1.12146,-1.17530,-1.23273,-1.28621,-1.32962,-1.35948,-1.37542,-1.37979,-1.37672,-1.37072,-1.36555,-1.36345,-1.36480,-1.36808,-1.37014,-1.36699,-1.35497,-1.33208,-1.29884,-1.25812,-1.21405,-1.17050,-1.13009,-1.09398,-1.06254,-1.03606,-1.01507,-1.00003,-0.99070,-0.98588,-0.98351,-0.98127,-0.97727,-0.97030,-0.95991,-0.94628,-0.93028,-0.91376,-0.89970,-0.89191,-0.89425,-0.90934,-0.93766,-0.97729,-1.02455,-1.07520,-1.12576,-1.17418,-1.21990,-1.26330,-1.30488,-1.34453,-1.38127,-1.41331,-1.43847,-1.45480,-1.46098,-1.45660,-1.44221,-1.41925,-1.38986,-1.35666,-1.32261,-1.29080,-1.26440,-1.24630,-1.23867
-0.63799,-0.63866,-0.64136,-0.64759,-0.65758,-0.66923,-0.67870,-0.68248,-0.67975,-0.67349,-0.66972,-0.67532,-0.69560,-0.73274,-0.78544,-0.84962,-0.91953,-0.98894,-1.05216,-1.10476,-1.14392,-1.16845,-1.17887,-1.17751,-1.16874,-1.15871,-1.15420,-1.16091,-1.18182,-1.21625,-1.26021,-1.30755,-1.35168,-1.38718,-1.41099,-1.42292,-1.42527,-1.42175,-1.41628,-1.41192,-1.41043,-1.41207,-1.41569,-1.41888,-1.41848,-1.41142,-1.39583,-1.37178,-1.34118,-1.30695,-1.27185,-1.23773,-1.20562,-1.17621,-1.15046,-1.12948,-1.11396,-1.10350,-1.09642,-1.09028,-1.08275,-1.07234,-1.05859,-1.04180,-1.02263,-1.00203,-0.98148,-0.96334,-0.95081,-0.94727,-0.95518,-0.97511,-1.00550,-1.04326,-1.08498,-1.12806,-1.17127,-1.21456,-1.25827,-1.30229,-1.34550,-1.38574,-1.42031,-1.44660,-1.46281,-1.46821,-1.46317,-1.44884,-1.42686,-1.39915,-1.36782,-1.33530,-1.30441,-1.27832,-1.26018,-1.25247
-0.53767,-0.54119,-0.55022,-0.56466,-0.58295,-0.60179,-0.61710,-0.62606,-0.62887,-0.62918,-0.63293,-0.64626,-0.67356,-0.71649,-0.77400,-0.84290,-0.91860,-0.99588,-1.06959,-1.13527,-1.18957,-1.23045,-1.25727,-1.27112,-1.27514,-1.27430,-1.27454,-1.28120,-1.29747,-1.32357,-1.35681,-1.39258,-1.42567,-1.45173,-1.46839,-1.47570,-1.47573,-1.47164,-1.46651,-1.46258,-1.46096,-1.46173,-1.46410,-1.46650,-1.46681,-1.46281,-1.45296,-1.43694,-1.41564,-1.39070,-1.36366,-1.33567,-1.30757,-1.28044,-1.25580,-1.23527,-1.21973,-1.20863,-1.20003,-1.19135,-1.18044,-1.16629,-1.14907,-1.12958,-1.10865,-1.08699,-1.06549,-1.04576,-1.03027,-1.02190,-1.02285,-1.03376,-1.05345,-1.07954,-1.10963,-1.14235,-1.17762,-1.21615,-1.25836,-1.30347,-1.34914,-1.39187,-1.42782,-1.45391,-1.46852,-1.47166,-1.46464,-1.44944,-1.42808,-1.40233,-1.37378,-1.34421,-1.31592,-1.29175,-1.27479,-1.26753
-0.45941,-0.46516,-0.47906,-0.49955,-0.52368,-0.54738,-0.56687,-0.58037,-0.58918,-0.59747,-0.61073,-0.63387,-0.67001,-0.72004,-0.78298,-0.85645,-0.93699,-1.02037,-1.10201,-1.17762,-1.24363,-1.29757,-1.33815,-1.36559,-1.38183,-1.39056,-1.39647,-1.40412,-1.41663,-1.43490,-1.45758,-1.48167,-1.50353,-1.52007,-1.52965,-1.53247,-1.53030,-1.52558,-1.52044,-1.51619,-1.51323,-1.51143,-1.51034,-1.50931,-1.50741,-1.50353,-1.49669,-1.48632,-1.47240,-1.45529,-1.43540,-1.41318,-1.38938,-1.36535,-1.34305,-1.32441,-1.31039,-1.30035,-1.29220,-1.28338,-1.27199,-1.25743,-1.24029,-1.22161,-1.20216,-1.18227,-1.16220,-1.14282,-1.12593,-1.11384,-1.10848,-1.11049,-1.11905,-1.13253,-1.14967,-1.17044,-1.19604,-1.22801,-1.26688,-1.31121,-1.35746,-1.40073,-1.43610,-1.45998,-1.47097,-1.46988,-1.45909,-1.44155,-1.41988,-1.39593,-1.37090,-1.34586,-1.32227,-1.30220,-1.28811,-1.28207
-0.40595,-0.41319,-0.43027,-0.45459,-0.48225,-0.50898,-0.53158,-0.54936,-0.56458,-0.58162,-0.60525,-0.63905,-0.68474,-0.74238,-0.81100,-0.88891,-0.97364,-1.06184,-1.14944,-1.23228,-1.30674,-1.37013,-1.42086,-1.45856,-1.48423,-1.50035,-1.51043,-1.51823,-1.52675,-1.53757,-1.55056,-1.56426,-1.57646,-1.58511,-1.58910,-1.58860,-1.58487,-1.57953,-1.57380,-1.56810,-1.56224,-1.55587,-1.54894,-1.54172,-1.53459,-1.52769,-1.52075,-1.51317,-1.50413,-1.49285,-1.47876,-1.46177,-1.44255,-1.42266,-1.40431,-1.38952,-1.37922,-1.37266,-1.36769,-1.36183,-1.35334,-1.34184,-1.32807,-1.31308,-1.29752,-1.28136,-1.26439,-1.24688,-1.23001,-1.21556,-1.20511,-1.19927,-1.19753,-1.19901,-1.20355,-1.21237,-1.22783,-1.25217,-1.28599,-1.32727,-1.37144,-1.41246,-1.44456,-1.46377,-1.46891,-1.46150,-1.44492,-1.42318,-1.39970,-1.37672,-1.35534,-1.33595,-1.31897,-1.30516,-1.29568,-1.29167
-0.37723,-0.38541,-0.40447,-0.43118,-0.46117,-0.49023,-0.51579,-0.53802,-0.55976,-0.58531,-0.61866,-0.66221,-0.71652,-0.78100,-0.85468,-0.93644,-1.02464,-1.11661,-1.20863,-1.29657,-1.37666,-1.44601,-1.50281,-1.54630,-1.57684,-1.59602,-1.60652,-1.61167,-1.61465,-1.61785,-1.62235,-1.62793,-1.63341,-1.63728,-1.63846,-1.63668,-1.63246,-1.62656,-1.61942,-1.61088,-1.60040,-1.58763,-1.57293,-1.55746,-1.54284,-1.53047,-1.52086,-1.51344,-1.50678,-1.49916,-1.48928,-1.47668,-1.46204,-1.44709,-1.43412,-1.42509,-1.42075,-1.42023,-1.42134,-1.42158,-1.41922,-1.41382,-1.40603,-1.39680,-1.38664,-1.37539,-1.36261,-1.34820,-1.33281,-1.31770,-1.30404,-1.29233,-1.28237,-1.27395,-1.26785,-1.26628,-1.27238,-1.28879,-1.31607,-1.35174,-1.39059,-1.42595,-1.45162,-1.46352,-1.46065,-1.44504,-1.42084,-1.39295,-1.36577,-1.34225,-1.32375,-1.31025,-1.30097,-1.29496,-1.29149,-1.29016
-0.37073,-0.37963,-0.40027,-0.42910,-0.46156,-0.49353,-0.52282,-0.54998,-0.57795,-0.61075,-0.65174,-0.70253,-0.76301,-0.83224,-0.90934,-0.99368,-1.08423,-1.17882,-1.27392,-1.36525,-1.44867,-1.52092,-1.57985,-1.62435,-1.65436,-1.67101,-1.67676,-1.67508,-1.66989,-1.66469,-1.66177,-1.66184,-1.66417,-1.66710,-1.66889,-1.66830,-1.66481,-1.65837,-1.64891,-1.63613,-1.61960,-1.59925,-1.57592,-1.55156,-1.52876,-1.50992,-1.49619,-1.48706,-1.48065,-1.47460,-1.46713,-1.45770,-1.44715,-1.43738,-1.43065,-1.42873,-1.43215,-1.43984,-1.44947,-1.45842,-1.46472,-1.46763,-1.46751,-1.46516,-1.46112,-1.45534,-1.44744,-1.43717,-1.42477,-1.41095,-1.39642,-1.38154,-1.36635,-1.35123,-1.33762,-1.32832,-1.32675,-1.33554,-1.35503,-1.38251,-1.41260,-1.43868,-1.45470,-1.45680,-1.44416,-1.41900,-1.38583,-1.35020,-1.31741,-1.29144,-1.27431,-1.26591,-1.26437,-1.26675,-1.26997,-1.27167
-0.38178,-0.39145,-0.41393,-0.44553,-0.48156,-0.51788,-0.55220,-0.58490,-0.61857,-0.65679,-0.70255,-0.75717,-0.82046,-0.89153,-0.96973,-1.05480,-1.14618,-1.24203,-1.33888,-1.43211,-1.51702,-1.58971,-1.64743,-1.68864,-1.71297,-1.72153,-1.71711,-1.70409,-1.68771,-1.67295,-1.66334,-1.66022,-1.66272,-1.66833,-1.67396,-1.67685,-1.67519,-1.66815,-1.65555,-1.63748,-1.61416,-1.58617,-1.55488,-1.52272,-1.49285,-1.46818,-1.45022,-1.43845,-1.43070,-1.42429,-1.41733,-1.40950,-1.40199,-1.39693,-1.39655,-1.40238,-1.41461,-1.43188,-1.45163,-1.47091,-1.48732,-1.49964,-1.50785,-1.51264,-1.51474,-1.51450,-1.51185,-1.50656,-1.49855,-1.48795,-1.47500,-1.45984,-1.44274,-1.42446,-1.40687,-1.39287,-1.38566,-1.38747,-1.39827,-1.41531,-1.43359,-1.44719,-1.45085,-1.44125,-1.41776,-1.38249,-1.33982,-1.29554,-1.25572,-1.22551,-1.20793,-1.20315,-1.20839,-1.21873,-1.22855,-1.23331
-0.40413,-0.41472,-0.43952,-0.47478,-0.51571,-0.55789,-0.59854,-0.63731,-0.67607,-0.71790,-0.76562,-0.82080,-0.88362,-0.95361,-1.03049,-1.11433,-1.20490,-1.30056,-1.39781,-1.49163,-1.57660,-1.64793,-1.70206,-1.73682,-1.75159,-1.74771,-1.72884,-1.70082,-1.67076,-1.64541,-1.62956,-1.62492,-1.63002,-1.64093,-1.65268,-1.66063,-1.66150,-1.65379,-1.63755,-1.61380,-1.58390,-1.54939,-1.51215,-1.47476,-1.44035,-1.41178,-1.39053,-1.37597,-1.36582,-1.35741,-1.34914,-1.34118,-1.33527,-1.33391,-1.33931,-1.35274,-1.37397,-1.40126,-1.43164,-1.46169,-1.48845,-1.51014,-1.52635,-1.53776,-1.54547,-1.55044,-1.55307,-1.55327,-1.55066,-1.54482,-1.53546,-1.52252,-1.50636,-1.48805,-1.46953,-1.45348,-1.44249,-1.43807,-1.43976,-1.44494,-1.44942,-1.44852,-1.43822,-1.41605,-1.38157,-1.33652,-1.28474,-1.23186,-1.18450,-1.14892,-1.12934,-1.12649,-1.13698,-1.15409,-1.16977,-1.17730
-0.43091,-0.44250,-0.46985,-0.50925,-0.55582,-0.60470,-0.65234,-0.69734,-0.74062,-0.78467,-0.83236,-0.88576,-0.94578,-1.01259,-1.08637,-1.16749,-1.25592,-1.35019,-1.44671,-1.54007,-1.62408,-1.69301,-1.74230,-1.76905,-1.77235,-1.75392,-1.71856,-1.67392,-1.62918,-1.59301,-1.57138,-1.56618,-1.57506,-1.59244,-1.61125,-1.62482,-1.62841,-1.61999,-1.60011,-1.57105,-1.53564,-1.49652,-1.45601,-1.41650,-1.38055,-1.35047,-1.32734,-1.31035,-1.29728,-1.28575,-1.27473,-1.26515,-1.25944,-1.26051,-1.27066,-1.29085,-1.32044,-1.35717,-1.39755,-1.43761,-1.47380,-1.50379,-1.52688,-1.54382,-1.55622,-1.56569,-1.57323,-1.57890,-1.58204,-1.58170,-1.57706,-1.56785,-1.55449,-1.53815,-1.52074,-1.50442,-1.49101,-1.48118,-1.47405,-1.46726,-1.45763,-1.44197,-1.41775,-1.38350,-1.33894,-1.28531,-1.22568,-1.16524,-1.11085,-1.06973,-1.04730,-1.04498,-1.05908,-1.08141,-1.10180,-1.11158
-0.45573,-0.46822,-0.49788,-0.54113,-0.59302,-0.64826,-0.70246,-0.75313,-0.80020,-0.84563,-0.89235,-0.94302,-0.99936,-1.06223,-1.13227,-1.21009,-1.29584,-1.38812,-1.48328,-1.57557,-1.65817,-1.72443,-1.76887,-1.78784,-1.78015,-1.74790,-1.69702,-1.63689,-1.57869,-1.53281,-1.50622,-1.50087,-1.51353,-1.53702,-1.56235,-1.58102,-1.58703,-1.57796,-1.55498,-1.52165,-1.48228,-1.44058,-1.39917,-1.36001,-1.32484,-1.29514,-1.27138,-1.25257,-1.23662,-1.22164,-1.20730,-1.19531,-1.18882,-1.19119,-1.20480,-1.23039,-1.26686,-1.31144,-1.36013,-1.40839,-1.45215,-1.48862,-1.51692,-1.53797,-1.55385,-1.56685,-1.57846,-1.58891,-1.59727,-1.60211,-1.60220,-1.59701,-1.58697,-1.57333,-1.55780,-1.54205,-1.52711,-1.51290,-1.49818,-1.48088,-1.45882,-1.43022,-1.39399,-1.34957,-1.29686,-1.23656,-1.17097,-1.10469,-1.04467,-0.99882,-0.97355,-0.97096,-0.98723,-1.01316,-1.03694,-1.04838
-0.47357,-0.48668,-0.51799,-0.56402,-0.61981,-0.67977,-0.73884,-0.79369,-0.84347,-0.88973,-0.93544,-0.98375,-1.03699,-1.09660,-1.16353,-1.23862,-1.32208,-1.41258,-1.50643,-1.59765,-1.67897,-1.74310,-1.78386,-1.79700,-1.78113,-1.73861,-1.67625,-1.60472,-1.53668,-1.48376,-1.45364,-1.44827,-1.46373,-1.49168,-1.52172,-1.54405,-1.55177,-1.54224,-1.51711,-1.48097,-1.43928,-1.39650,-1.35546,-1.31768,-1.28414,-1.25554,-1.23184,-1.21189,-1.19376,-1.17598,-1.15881,-1.14462,-1.13712,-1.14002,-1.15576,-1.18493,-1.22609,-1.27608,-1.33044,-1.38424,-1.43301,-1.47370,-1.50530,-1.52890,-1.54697,-1.56228,-1.57668,-1.59051,-1.60266,-1.61134,-1.61499,-1.61293,-1.60558,-1.59419,-1.58030,-1.56520,-1.54934,-1.53212,-1.51203,-1.48728,-1.45639,-1.41867,-1.37404,-1.32262,-1.26445,-1.19985,-1.13048,-1.06049,-0.99678,-0.94771,-0.92032,-0.91724,-0.93465,-0.96269,-0.98854,-1.00100
-0.48121,-0.49458,-0.52659,-0.57382,-0.63131,-0.69334,-0.75455,-0.81124,-0.86220,-0.90879,-0.95402,-1.00124,-1.05306,-1.11116,-1.17667,-1.25049,-1.33288,-1.42253,-1.51573,-1.60643,-1.68714,-1.75030,-1.78942,-1.80000,-1.78053,-1.73352,-1.66612,-1.58961,-1.51728,-1.46130,-1.42966,-1.42428,-1.44096,-1.47084,-1.50291,-1.52681,-1.53526,-1.52553,-1.49950,-1.46222,-1.41964,-1.37660,-1.33597,-1.29905,-1.26646,-1.23854,-1.21499,-1.19459,-1.17548,-1.15641,-1.13792,-1.12267,-1.11463,-1.11765,-1.13423,-1.16488,-1.20803,-1.26028,-1.31703,-1.37314,-1.42398,-1.46638,-1.49930,-1.52391,-1.54285,-1.55910,-1.57469,-1.58997,-1.60376,-1.61412,-1.61934,-1.61869,-1.61255,-1.60217,-1.58904,-1.57426,-1.55803,-1.53952,-1.51714,-1.48919,-1.45452,-1.41290,-1.36470,-1.31034,-1.24991,-1.18356,-1.11268,-1.04121,-0.97600,-0.92558,-0.89728,-0.89394,-0.91173,-0.94058,-0.96724,-0.98011
