"# Ngorongoro Crater; -3.1610,35.5870; raw range 1296–3082 m; blur 12"
-1.76696,-1.76726,-1.76798,-1.76905,-1.77045,-1.77220,-1.77438,-1.77705,-1.78021,-1.78377,-1.78755,-1.79134,-1.79489,-1.79786,-1.79980,-1.80000,-1.79741,-1.79064,-1.77807,-1.75811,-1.72953,-1.69172,-1.64474,-1.58921,-1.52609,-1.45646,-1.38142,-1.30205,-1.21932,-1.13409,-1.04690,-0.95799,-0.86724,-0.77430,-0.67879,-0.58042,-0.47921,-0.37564,-0.27072,-0.16593,-0.06307,0.03595,0.12934,0.21571,0.29437,0.36576,0.43178,0.49577,0.56204,0.63495,0.71791,0.81239,0.91726,1.02856,1.13970,1.24249,1.32890,1.39313,1.43324,1.45152,1.45335,1.44507,1.43191,1.41685,1.40084,1.38381,1.36584,1.34765,1.33025,1.31383,1.29678,1.27545,1.24516,1.20209,1.14521,1.07715,1.00361,0.93146,0.86672,0.81311,0.77182,0.74196,0.72131,0.70686,0.69506,0.68197,0.66371,0.63720,0.60119,0.55693,0.50820,0.46030,0.41850,0.38660,0.36645,0.35842
-1.76800,-1.76828,-1.76894,-1.76994,-1.77124,-1.77291,-1.77501,-1.77761,-1.78070,-1.78420,-1.78792,-1.79163,-1.79509,-1.79794,-1.79971,-1.79967,-1.79675,-1.78952,-1.77635,-1.75570,-1.72637,-1.68785,-1.64028,-1.58434,-1.52102,-1.45138,-1.37647,-1.29727,-1.21474,-1.12964,-1.04253,-0.95362,-0.86283,-0.76988,-0.67444,-0.57633,-0.47561,-0.37280,-0.26889,-0.16532,-0.06385,0.03369,0.12557,0.21051,0.28793,0.35839,0.42388,0.48772,0.55410,0.62723,0.71035,0.80484,0.90965,1.02096,1.13241,1.23602,1.32379,1.38978,1.43175,1.45165,1.45457,1.44675,1.43350,1.41804,1.40156,1.38413,1.36588,1.34744,1.32964,1.31254,1.29449,1.27198,1.24062,1.19693,1.14013,1.07292,1.00081,0.93036,0.86725,0.81498,0.77467,0.74554,0.72554,0.71184,0.70102,0.68924,0.67259,0.64788,0.61364,0.57092,0.52331,0.47605,0.43445,0.40249,0.38218,0.37406
-1.77031,-1.77053,-1.77108,-1.77191,-1.77304,-1.77452,-1.77645,-1.77889,-1.78184,-1.78519,-1.78875,-1.79229,-1.79552,-1.79807,-1.79942,-1.79878,-1.79503,-1.78669,-1.77211,-1.74980,-1.71872,-1.67853,-1.62958,-1.57272,-1.50898,-1.43936,-1.36478,-1.28609,-1.20406,-1.11937,-1.03248,-0.94362,-0.85278,-0.75981,-0.66458,-0.56708,-0.46754,-0.36653,-0.26501,-0.16431,-0.06606,0.02806,0.11650,0.19818,0.27280,0.34120,0.40552,0.46903,0.53567,0.60925,0.69264,0.78707,0.89160,1.00284,1.11496,1.22044,1.31140,1.38159,1.42807,1.45193,1.45760,1.45104,1.43776,1.42144,1.40385,1.38546,1.36649,1.34736,1.32855,1.30975,1.28926,1.26388,1.22991,1.18468,1.12802,1.06278,0.99405,0.92765,0.86845,0.81941,0.78152,0.75416,0.73570,0.72375,0.71526,0.70659,0.69382,0.67350,0.64373,0.60502,0.56049,0.51519,0.47448,0.44266,0.42217,0.41392
-1.77316,-1.77334,-1.77377,-1.77444,-1.77538,-1.77667,-1.77841,-1.78066,-1.78342,-1.78656,-1.78989,-1.79315,-1.79601,-1.79806,-1.79874,-1.79717,-1.79213,-1.78210,-1.76543,-1.74070,-1.70710,-1.66455,-1.61371,-1.55561,-1.49136,-1.42191,-1.34798,-1.27017,-1.18904,-1.10508,-1.01865,-0.92998,-0.83915,-0.74623,-0.65135,-0.55480,-0.45700,-0.35860,-0.26050,-0.16388,-0.07014,0.01924,0.10297,0.18025,0.25116,0.31688,0.37970,0.44282,0.50976,0.58381,0.66736,0.76143,0.86531,0.97619,1.08907,1.19706,1.29253,1.36884,1.42206,1.45206,1.46222,1.45803,1.44512,1.42788,1.40881,1.38901,1.36884,1.34851,1.32795,1.30642,1.28212,1.25234,1.21435,1.16669,1.11009,1.04762,0.98382,0.92340,0.87007,0.82595,0.79175,0.76710,0.75092,0.74149,0.73633,0.73218,0.72520,0.71168,0.68910,0.65718,0.61831,0.57703,0.53868,0.50788,0.48764,0.47938
-1.77571,-1.77587,-1.77625,-1.77685,-1.77770,-1.77887,-1.78048,-1.78258,-1.78514,-1.78805,-1.79109,-1.79396,-1.79632,-1.79769,-1.79744,-1.79460,-1.78788,-1.77570,-1.75644,-1.72882,-1.69225,-1.64701,-1.59406,-1.53468,-1.47005,-1.40103,-1.32813,-1.25165,-1.17185,-1.08899,-1.00332,-0.91504,-0.82439,-0.73166,-0.63734,-0.54201,-0.44635,-0.35107,-0.25698,-0.16504,-0.07641,0.00769,0.08624,0.15881,0.22582,0.28879,0.35013,0.41286,0.48005,0.55436,0.63769,0.73090,0.83357,0.94361,1.05696,1.16757,1.26815,1.35168,1.41319,1.45112,1.46753,1.46716,1.45567,1.43802,1.41761,1.39619,1.37440,1.35217,1.32896,1.30355,1.27411,1.23853,1.19533,1.14445,1.08771,1.02849,0.97067,0.91768,0.87176,0.83398,0.80458,0.78342,0.77006,0.76359,0.76235,0.76364,0.76389,0.75922,0.74649,0.72445,0.69443,0.66013,0.62653,0.59844,0.57944,0.57156
-1.77711,-1.77729,-1.77774,-1.77842,-1.77936,-1.78059,-1.78220,-1.78423,-1.78665,-1.78933,-1.79203,-1.79444,-1.79615,-1.79666,-1.79523,-1.79083,-1.78211,-1.76747,-1.74534,-1.71464,-1.67503,-1.62712,-1.57219,-1.51173,-1.44701,-1.37878,-1.30731,-1.23257,-1.15450,-1.07310,-0.98847,-0.90084,-0.81058,-0.71827,-0.62473,-0.53085,-0.43755,-0.34557,-0.25560,-0.16837,-0.08478,-0.00579,0.06785,0.13602,0.19951,0.26006,0.32016,0.38257,0.44985,0.52406,0.60666,0.69840,0.79920,0.90775,1.02094,1.13365,1.23906,1.32993,1.40036,1.44736,1.47158,1.47679,1.46836,1.45163,1.43067,1.40786,1.38410,1.35919,1.33218,1.30156,1.26562,1.22304,1.17365,1.11893,1.06187,1.00615,0.95500,0.91045,0.87313,0.84282,0.81917,0.80212,0.79189,0.78853,0.79136,0.79851,0.80690,0.81270,0.81223,0.80319,0.78557,0.76182,0.73613,0.71319,0.69697,0.69007
-1.77671,-1.77699,-1.77763,-1.77859,-1.77981,-1.78129,-1.78307,-1.78517,-1.78753,-1.79001,-1.79235,-1.79423,-1.79519,-1.79465,-1.79183,-1.78564,-1.77470,-1.75744,-1.73241,-1.69872,-1.65631,-1.60607,-1.54954,-1.48841,-1.42397,-1.35687,-1.28713,-1.21442,-1.13834,-1.05865,-0.97531,-0.88857,-0.79896,-0.70733,-0.61478,-0.52252,-0.43160,-0.34280,-0.25667,-0.17372,-0.09462,-0.02012,0.04929,0.11373,0.17430,0.23295,0.29211,0.35426,0.42145,0.49519,0.57656,0.66626,0.76457,0.87088,0.98302,1.09673,1.20582,1.30305,1.38189,1.43823,1.47135,1.48388,1.48058,1.46673,1.44668,1.42319,1.39736,1.36895,1.33687,1.29962,1.25589,1.20532,1.14913,1.09029,1.03287,0.98086,0.93685,0.90145,0.87361,0.85170,0.83455,0.82208,0.81513,0.81478,0.82150,0.83449,0.85142,0.86874,0.88241,0.88911,0.88730,0.87780,0.86353,0.84860,0.83708,0.83195
-1.77414,-1.77455,-1.77552,-1.77690,-1.77860,-1.78052,-1.78264,-1.78493,-1.78732,-1.78964,-1.79164,-1.79294,-1.79306,-1.79136,-1.78700,-1.77887,-1.76561,-1.74573,-1.71797,-1.68163,-1.63689,-1.58488,-1.52731,-1.46597,-1.40217,-1.33643,-1.26856,-1.19794,-1.12391,-1.04600,-0.96409,-0.87846,-0.78976,-0.69906,-0.60772,-0.51713,-0.42846,-0.34248,-0.25963,-0.18027,-0.10491,-0.03414,0.03175,0.09316,0.15140,0.20858,0.26709,0.32905,0.39602,0.46902,0.54880,0.63604,0.73135,0.83469,0.94468,1.05787,1.16872,1.27034,1.35599,1.42084,1.46310,1.48424,1.48809,1.47931,1.46203,1.43896,1.41124,1.37870,1.34041,1.29529,1.24279,1.18370,1.12061,1.05783,1.00037,0.95240,0.91589,0.89012,0.87237,0.85951,0.84944,0.84189,0.83827,0.84071,0.85095,0.86945,0.89485,0.92409,0.95301,0.97737,0.99405,1.00199,1.00244,0.99842,0.99362,0.99114
-1.76928,-1.76985,-1.77120,-1.77313,-1.77543,-1.77791,-1.78048,-1.78306,-1.78555,-1.78777,-1.78943,-1.79015,-1.78939,-1.78646,-1.78050,-1.77039,-1.75485,-1.73252,-1.70235,-1.66384,-1.61739,-1.56427,-1.50627,-1.44517,-1.38224,-1.31788,-1.25175,-1.18304,-1.11088,-1.03468,-0.95426,-0.86991,-0.78239,-0.69288,-0.60289,-0.51394,-0.42725,-0.34360,-0.26337,-0.18689,-0.11458,-0.04691,0.01601,0.07483,0.13113,0.18714,0.24516,0.30699,0.37371,0.44585,0.52388,0.60846,0.70039,0.80009,0.90676,1.01764,1.12789,1.23121,1.32115,1.39267,1.44330,1.47345,1.48578,1.48390,1.47113,1.44970,1.42054,1.38363,1.33851,1.28489,1.22334,1.15592,1.08654,1.02059,0.96377,0.92032,0.89159,0.87565,0.86825,0.86477,0.86210,0.85970,0.85941,0.86442,0.87781,0.90133,0.93474,0.97566,1.01997,1.06274,1.09940,1.12693,1.14461,1.15394,1.15772,1.15869
-1.76221,-1.76296,-1.76472,-1.76721,-1.77013,-1.77321,-1.77626,-1.77917,-1.78178,-1.78392,-1.78527,-1.78542,-1.78379,-1.77965,-1.77211,-1.76010,-1.74241,-1.71789,-1.68569,-1.64555,-1.59804,-1.54445,-1.48655,-1.42605,-1.36408,-1.30094,-1.23621,-1.16898,-1.09834,-1.02366,-0.94473,-0.86183,-0.77575,-0.68768,-0.59917,-0.51177,-0.42675,-0.34492,-0.26673,-0.19254,-0.12279,-0.05784,0.00237,0.05879,0.11329,0.16823,0.22583,0.28754,0.35399,0.42527,0.50153,0.58335,0.67167,0.76716,0.86940,0.97618,1.08338,1.18549,1.27671,1.35232,1.40957,1.44802,1.46907,1.47498,1.46783,1.44900,1.41902,1.37804,1.32626,1.26450,1.19462,1.12002,1.04573,0.97797,0.92280,0.88438,0.86348,0.85714,0.85981,0.86557,0.87031,0.87314,0.87627,0.88380,0.90006,0.92813,0.96885,1.02059,1.07948,1.14014,1.19679,1.24463,1.28086,1.30512,1.31880,1.32386
-1.75320,-1.75410,-1.75622,-1.75921,-1.76268,-1.76628,-1.76975,-1.77292,-1.77564,-1.77769,-1.77874,-1.77834,-1.77589,-1.77061,-1.76159,-1.74780,-1.72815,-1.70169,-1.66782,-1.62650,-1.57841,-1.52487,-1.46751,-1.40782,-1.34677,-1.28458,-1.22078,-1.15455,-1.08503,-1.01165,-0.93421,-0.85295,-0.76857,-0.68219,-0.59529,-0.50938,-0.42577,-0.34538,-0.26881,-0.19655,-0.12909,-0.06674,-0.00919,0.04484,0.09750,0.15131,0.20838,0.26987,0.33595,0.40630,0.48078,0.55983,0.64439,0.73522,0.83211,0.93328,1.03528,1.13352,1.22314,1.30003,1.36152,1.40655,1.43535,1.44872,1.44735,1.43155,1.40139,1.35715,1.29981,1.23133,1.15493,1.07521,0.99810,0.93028,0.87790,0.84488,0.83146,0.83392,0.84574,0.85997,0.87173,0.87975,0.88645,0.89669,0.91583,0.94807,0.99526,1.05652,1.12833,1.20515,1.28037,1.34770,1.40239,1.44201,1.46618,1.47563
-1.74256,-1.74359,-1.74597,-1.74932,-1.75317,-1.75711,-1.76083,-1.76414,-1.76686,-1.76876,-1.76950,-1.76859,-1.76538,-1.75906,-1.74868,-1.73323,-1.71175,-1.68350,-1.64812,-1.60584,-1.55746,-1.50424,-1.44763,-1.38885,-1.32865,-1.26712,-1.20387,-1.13823,-1.06954,-0.99733,-0.92145,-0.84204,-0.75965,-0.67523,-0.59009,-0.50571,-0.42343,-0.34431,-0.26917,-0.19869,-0.13345,-0.07366,-0.01878,0.03281,0.08352,0.13600,0.19225,0.25316,0.31855,0.38773,0.46030,0.53652,0.61720,0.70306,0.79399,0.88851,0.98384,1.07630,1.16206,1.23776,1.30099,1.35030,1.38491,1.40430,1.40787,1.39493,1.36508,1.31876,1.25763,1.18475,1.10448,1.02235,0.94489,0.87892,0.83038,0.80283,0.79607,0.80588,0.82523,0.84658,0.86454,0.87754,0.88808,0.90144,0.92373,0.95992,1.01269,1.08184,1.16431,1.25464,1.34581,1.43043,1.50207,1.55625,1.59064,1.60443
-1.73060,-1.73168,-1.73419,-1.73770,-1.74170,-1.74573,-1.74948,-1.75272,-1.75529,-1.75695,-1.75735,-1.75594,-1.75203,-1.74474,-1.73308,-1.71603,-1.69273,-1.66263,-1.62567,-1.58234,-1.53361,-1.48071,-1.42486,-1.36697,-1.30750,-1.24648,-1.18358,-1.11836,-1.05042,-0.97947,-0.90534,-0.82807,-0.74798,-0.66581,-0.58269,-0.50000,-0.41914,-0.34136,-0.26768,-0.19901,-0.13599,-0.07874,-0.02647,0.02268,0.07135,0.12220,0.17715,0.23688,0.30094,0.36845,0.43876,0.51195,0.58863,0.66937,0.75407,0.84154,0.92956,1.01532,1.09592,1.16872,1.23160,1.28283,1.32087,1.34418,1.35114,1.34033,1.31104,1.26387,1.20108,1.12650,1.04533,0.96371,0.88838,0.82600,0.78211,0.75976,0.75841,0.77367,0.79843,0.82510,0.84811,0.86573,0.88038,0.89743,0.92324,0.96327,1.02071,1.09593,1.18641,1.28702,1.39066,1.48931,1.57523,1.64210,1.68559,1.70333
-1.71746,-1.71853,-1.72101,-1.72445,-1.72832,-1.73217,-1.73567,-1.73863,-1.74088,-1.74218,-1.74217,-1.74025,-1.73566,-1.72743,-1.71449,-1.69578,-1.67052,-1.63834,-1.59949,-1.55476,-1.50534,-1.45247,-1.39715,-1.33998,-1.28116,-1.22058,-1.15803,-1.09334,-1.02636,-0.95695,-0.88494,-0.81020,-0.73281,-0.65325,-0.57246,-0.49177,-0.41263,-0.33643,-0.26444,-0.19771,-0.13691,-0.08208,-0.03224,0.01462,0.06120,0.11011,0.16315,0.22087,0.28276,0.34782,0.41531,0.48511,0.55759,0.63316,0.71170,0.79225,0.87315,0.95229,1.02748,1.09663,1.15777,1.20895,1.24813,1.27308,1.28160,1.27187,1.24314,1.19620,1.13370,1.05999,0.98069,0.90220,0.83114,0.77376,0.73499,0.71735,0.72000,0.73868,0.76662,0.79663,0.82339,0.84514,0.86407,0.88527,0.91497,0.95864,1.01975,1.09913,1.19481,1.30217,1.41440,1.52321,1.61996,1.69682,1.74769,1.76866
-1.70311,-1.70411,-1.70639,-1.70952,-1.71298,-1.71636,-1.71935,-1.72180,-1.72356,-1.72440,-1.72390,-1.72145,-1.71615,-1.70694,-1.69263,-1.67212,-1.64465,-1.61005,-1.56887,-1.52227,-1.47166,-1.41835,-1.36317,-1.30644,-1.24809,-1.18793,-1.12586,-1.06196,-0.99631,-0.92890,-0.85949,-0.78777,-0.71354,-0.63703,-0.55902,-0.48077,-0.40379,-0.32962,-0.25966,-0.19505,-0.13648,-0.08387,-0.03616,0.00867,0.05323,0.09995,0.15050,0.20539,0.26416,0.32589,0.38983,0.45570,0.52368,0.59405,0.66668,0.74091,0.81549,0.88884,0.95922,1.02478,1.08357,1.13341,1.17190,1.19651,1.20484,1.19510,1.16669,1.12067,1.05997,0.98915,0.91392,0.84056,0.77536,0.72395,0.69055,0.67706,0.68247,0.70279,0.73195,0.76354,0.79279,0.81807,0.84121,0.86677,0.90042,0.94732,1.01098,1.09255,1.19062,1.30125,1.41810,1.53298,1.63678,1.72053,1.77667,1.80000
-1.68736,-1.68820,-1.69011,-1.69270,-1.69549,-1.69813,-1.70038,-1.70213,-1.70326,-1.70352,-1.70248,-1.69942,-1.69335,-1.68306,-1.66724,-1.64472,-1.61478,-1.57745,-1.53360,-1.48471,-1.43247,-1.37824,-1.32274,-1.26605,-1.20789,-1.14804,-1.08653,-1.02365,-0.95970,-0.89473,-0.82842,-0.76022,-0.68967,-0.61676,-0.54211,-0.46692,-0.39272,-0.32116,-0.25370,-0.19150,-0.13519,-0.08460,-0.03866,0.00451,0.04724,0.09170,0.13936,0.19077,0.24563,0.30320,0.36280,0.42410,0.48719,0.55227,0.61935,0.68801,0.75740,0.82622,0.89290,0.95556,1.01203,1.05987,1.09648,1.11927,1.12603,1.11529,1.08684,1.04208,0.98410,0.91746,0.84771,0.78080,0.72246,0.67759,0.64963,0.63989,0.64719,0.66793,0.69693,0.72879,0.75949,0.78761,0.81462,0.84430,0.88154,0.93096,0.99588,1.07770,1.17557,1.28622,1.40400,1.52108,1.62818,1.71566,1.77488,1.79964
-1.66986,-1.67048,-1.67187,-1.67370,-1.67559,-1.67727,-1.67859,-1.67948,-1.67986,-1.67946,-1.67779,-1.67404,-1.66709,-1.65558,-1.63806,-1.61332,-1.58072,-1.54051,-1.49386,-1.44255,-1.38847,-1.33302,-1.27680,-1.21971,-1.16137,-1.10156,-1.04050,-0.97869,-0.91661,-0.85435,-0.79147,-0.72721,-0.66085,-0.59215,-0.52156,-0.45021,-0.37962,-0.31144,-0.24712,-0.18776,-0.13385,-0.08516,-0.04069,0.00120,0.04243,0.08475,0.12945,0.17706,0.22749,0.28024,0.33480,0.39092,0.44869,0.50840,0.57029,0.63422,0.69960,0.76526,0.82953,0.89023,0.94482,0.99052,1.02463,1.04471,1.04895,1.03647,1.00760,0.96412,0.90926,0.84745,0.78391,0.72409,0.67308,0.63500,0.61250,0.60630,0.61507,0.63565,0.66377,0.69512,0.72650,0.75674,0.78693,0.82007,0.86012,0.91105,0.97589,1.05619,1.15159,1.25953,1.37506,1.49092,1.59797,1.68627,1.74650,1.77181
-1.65026,-1.65059,-1.65132,-1.65221,-1.65300,-1.65354,-1.65378,-1.65371,-1.65325,-1.65212,-1.64974,-1.64519,-1.63720,-1.62425,-1.60482,-1.57768,-1.54236,-1.49932,-1.45003,-1.39649,-1.34070,-1.28399,-1.22683,-1.16898,-1.11003,-1.04989,-0.98897,-0.92803,-0.86770,-0.80812,-0.74876,-0.68866,-0.62689,-0.56300,-0.49726,-0.43068,-0.36470,-0.30088,-0.24055,-0.18464,-0.13348,-0.08674,-0.04355,-0.00262,0.03744,0.07792,0.11978,0.16353,0.20927,0.25678,0.30579,0.35625,0.40842,0.46284,0.52001,0.58008,0.64262,0.70641,0.76949,0.82921,0.88252,0.92628,0.95770,0.97463,0.97583,0.96113,0.93152,0.88921,0.83753,0.78072,0.72361,0.67106,0.62746,0.59615,0.57903,0.57628,0.58645,0.60679,0.63387,0.66437,0.69588,0.72748,0.75995,0.79552,0.83733,0.88863,0.95214,1.02947,1.12065,1.22374,1.33455,1.44643,1.55066,1.63729,1.69677,1.72184
-1.62817,-1.62818,-1.62815,-1.62796,-1.62752,-1.62680,-1.62586,-1.62475,-1.62339,-1.62146,-1.61828,-1.61277,-1.60352,-1.58888,-1.56730,-1.53764,-1.49960,-1.45396,-1.40242,-1.34712,-1.29001,-1.23226,-1.17414,-1.11530,-1.05540,-0.99453,-0.93337,-0.87293,-0.81402,-0.75684,-0.70082,-0.64489,-0.58794,-0.52935,-0.46923,-0.40839,-0.34811,-0.28974,-0.23441,-0.18275,-0.13486,-0.09034,-0.04845,-0.00835,0.03076,0.06959,0.10871,0.14856,0.18940,0.23134,0.27447,0.31909,0.36577,0.41533,0.46855,0.52579,0.58666,0.64978,0.71275,0.77237,0.82501,0.86717,0.89598,0.90966,0.90763,0.89050,0.85999,0.81873,0.77015,0.71830,0.66752,0.62209,0.58568,0.56089,0.54894,0.54957,0.56122,0.58149,0.60765,0.63720,0.66841,0.70060,0.73431,0.77118,0.81359,0.86421,0.92539,0.99873,1.08452,1.18137,1.28573,1.39166,1.49095,1.57398,1.63126,1.65548
-1.60330,-1.60296,-1.60212,-1.60078,-1.59902,-1.59697,-1.59481,-1.59265,-1.59038,-1.58759,-1.58347,-1.57678,-1.56598,-1.54934,-1.52535,-1.49304,-1.45239,-1.40445,-1.35114,-1.29463,-1.23669,-1.17823,-1.11927,-1.05939,-0.99833,-0.93646,-0.87476,-0.81448,-0.75663,-0.70148,-0.64850,-0.59658,-0.54454,-0.49161,-0.43772,-0.38349,-0.32991,-0.27806,-0.22870,-0.18211,-0.13812,-0.09624,-0.05594,-0.01688,0.02109,0.05803,0.09410,0.12963,0.16513,0.20111,0.23820,0.27716,0.31894,0.36463,0.41515,0.47092,0.53144,0.59506,0.65891,0.71920,0.77173,0.81265,0.83909,0.84965,0.84445,0.82494,0.79355,0.75334,0.70783,0.66081,0.61615,0.57750,0.54785,0.52913,0.52198,0.52579,0.53895,0.55932,0.58471,0.61328,0.64381,0.67584,0.70979,0.74686,0.78889,0.83800,0.89621,0.96501,1.04486,1.13474,1.23167,1.33037,1.42330,1.50135,1.55538,1.57828
-1.57536,-1.57468,-1.57302,-1.57053,-1.56746,-1.56410,-1.56075,-1.55756,-1.55438,-1.55068,-1.54545,-1.53731,-1.52460,-1.50560,-1.47892,-1.44387,-1.40071,-1.35080,-1.29615,-1.23889,-1.18051,-1.12161,-1.06194,-1.00105,-0.93882,-0.87589,-0.81355,-0.75329,-0.69628,-0.64294,-0.59281,-0.54480,-0.49771,-0.45067,-0.40344,-0.35640,-0.31026,-0.26570,-0.22304,-0.18219,-0.14268,-0.10399,-0.06589,-0.02857,0.00741,0.04149,0.07346,0.10366,0.13292,0.16240,0.19339,0.22722,0.26521,0.30857,0.35817,0.41423,0.47599,0.54139,0.60710,0.66877,0.72171,0.76176,0.78614,0.79388,0.78584,0.76426,0.73226,0.69329,0.65091,0.60864,0.56985,0.53755,0.51408,0.50081,0.49792,0.50455,0.51908,0.53959,0.56428,0.59178,0.62126,0.65249,0.68584,0.72225,0.76315,0.81023,0.86519,0.92934,1.00318,1.08592,1.17507,1.26595,1.35171,1.42393,1.47403,1.49529
-1.54418,-1.54317,-1.54075,-1.53718,-1.53287,-1.52829,-1.52384,-1.51970,-1.51564,-1.51095,-1.50441,-1.49448,-1.47943,-1.45769,-1.42808,-1.39021,-1.34470,-1.29309,-1.23744,-1.17970,-1.12107,-1.06180,-1.00147,-0.93962,-0.87632,-0.81247,-0.74964,-0.68954,-0.63351,-0.58207,-0.53488,-0.49090,-0.44892,-0.40798,-0.36768,-0.32816,-0.28978,-0.25284,-0.21723,-0.18247,-0.14790,-0.11307,-0.07811,-0.04382,-0.01141,0.01805,0.04413,0.06737,0.08918,0.11151,0.13646,0.16597,0.20164,0.24460,0.29541,0.35383,0.41863,0.48727,0.55590,0.61968,0.67352,0.71312,0.73587,0.74130,0.73099,0.70794,0.67586,0.63854,0.59950,0.56195,0.52874,0.50230,0.48438,0.47585,0.47657,0.48553,0.50114,0.52166,0.54560,0.57191,0.60005,0.63000,0.66215,0.69731,0.73662,0.78144,0.83314,0.89280,0.96087,1.03673,1.11821,1.20119,1.27953,1.34554,1.39138,1.41084
-1.50965,-1.50836,-1.50527,-1.50074,-1.49532,-1.48964,-1.48422,-1.47923,-1.47431,-1.46852,-1.46042,-1.44832,-1.43054,-1.40569,-1.37294,-1.33229,-1.28461,-1.23159,-1.17518,-1.11709,-1.05818,-0.99845,-0.93739,-0.87461,-0.81040,-0.74592,-0.68297,-0.62347,-0.56888,-0.51985,-0.47611,-0.43666,-0.40022,-0.36573,-0.33259,-0.30069,-0.27009,-0.24070,-0.21208,-0.18349,-0.15420,-0.12400,-0.09346,-0.06398,-0.03726,-0.01468,0.00340,0.01797,0.03119,0.04594,0.06516,0.09135,0.12625,0.17074,0.22484,0.28770,0.35739,0.43076,0.50342,0.57007,0.62537,0.66504,0.68674,0.69060,0.67888,0.65525,0.62390,0.58881,0.55342,0.52061,0.49273,0.47164,0.45861,0.45411,0.45777,0.46850,0.48481,0.50514,0.52820,0.55320,0.57984,0.60823,0.63886,0.67246,0.70997,0.75247,0.80103,0.85651,0.91924,0.98866,1.06289,1.13829,1.20935,1.26919,1.31073,1.32837
-1.47180,-1.47027,-1.46662,-1.46127,-1.45490,-1.44826,-1.44197,-1.43619,-1.43039,-1.42336,-1.41344,-1.39882,-1.37793,-1.34971,-1.31374,-1.27042,-1.22086,-1.16674,-1.10983,-1.05147,-0.99222,-0.93190,-0.87001,-0.80633,-0.74140,-0.67666,-0.61412,-0.55586,-0.50351,-0.45778,-0.41843,-0.38440,-0.35431,-0.32690,-0.30133,-0.27720,-0.25429,-0.23223,-0.21035,-0.18784,-0.16415,-0.13941,-0.11472,-0.09191,-0.07300,-0.05934,-0.05092,-0.04611,-0.04188,-0.03450,-0.02028,0.00368,0.03915,0.08667,0.14568,0.21456,0.29063,0.37001,0.44768,0.51795,0.57533,0.61569,0.63716,0.64045,0.62848,0.60543,0.57582,0.54370,0.51236,0.48432,0.46149,0.44527,0.43650,0.43537,0.44135,0.45337,0.47002,0.48992,0.51200,0.53565,0.56072,0.58749,0.61650,0.64843,0.68409,0.72431,0.76990,0.82150,0.87932,0.94284,1.01038,1.07872,1.14295,1.19695,1.23440,1.25029
-1.43081,-1.42908,-1.42495,-1.41889,-1.41168,-1.40418,-1.39709,-1.39051,-1.38373,-1.37529,-1.36328,-1.34586,-1.32164,-1.28993,-1.25082,-1.20508,-1.15402,-1.09921,-1.04212,-0.98367,-0.92415,-0.86324,-0.80054,-0.73609,-0.67072,-0.60616,-0.54466,-0.48850,-0.43941,-0.39819,-0.36452,-0.33722,-0.31468,-0.29535,-0.27807,-0.26214,-0.24703,-0.23217,-0.21684,-0.20038,-0.18258,-0.16406,-0.14638,-0.13166,-0.12190,-0.11812,-0.11972,-0.12434,-0.12822,-0.12697,-0.11647,-0.09362,-0.05667,-0.00539,0.05918,0.13477,0.21791,0.30396,0.38723,0.46164,0.52166,0.56346,0.58569,0.58968,0.57885,0.55775,0.53105,0.50272,0.47584,0.45260,0.43457,0.42276,0.41771,0.41939,0.42720,0.44009,0.45680,0.47612,0.49716,0.51948,0.54307,0.56830,0.59573,0.62602,0.65984,0.69783,0.74059,0.78855,0.84184,0.89995,0.96138,1.02326,1.08126,1.12992,1.16361,1.17790
-1.38697,-1.38506,-1.38048,-1.37377,-1.36577,-1.35744,-1.34951,-1.34204,-1.33414,-1.32409,-1.30982,-1.28946,-1.26186,-1.22677,-1.18474,-1.13695,-1.08484,-1.02983,-0.97298,-0.91483,-0.85533,-0.79411,-0.73090,-0.66602,-0.60066,-0.53687,-0.47720,-0.42416,-0.37961,-0.34433,-0.31792,-0.29894,-0.28547,-0.27557,-0.26768,-0.26070,-0.25382,-0.24631,-0.23754,-0.22715,-0.21542,-0.20348,-0.19325,-0.18691,-0.18618,-0.19152,-0.20166,-0.21364,-0.22324,-0.22587,-0.21730,-0.19445,-0.15564,-0.10073,-0.03102,0.05077,0.14056,0.23298,0.32170,0.40031,0.46332,0.50726,0.53135,0.53741,0.52926,0.51159,0.48900,0.46529,0.44329,0.42492,0.41144,0.40365,0.40186,0.40592,0.41519,0.42868,0.44526,0.46391,0.48392,0.50500,0.52725,0.55108,0.57706,0.60578,0.63779,0.67359,0.71360,0.75810,0.80715,0.86025,0.91609,0.97211,1.02447,1.06832,1.09865,1.11151
-1.34066,-1.33856,-1.33354,-1.32617,-1.31735,-1.30814,-1.29928,-1.29077,-1.28155,-1.26974,-1.25312,-1.22987,-1.19909,-1.16091,-1.11638,-1.06700,-1.01432,-0.95958,-0.90349,-0.84614,-0.78722,-0.72627,-0.66318,-0.59855,-0.53394,-0.47178,-0.41499,-0.36634,-0.32781,-0.30015,-0.28274,-0.27383,-0.27106,-0.27207,-0.27479,-0.27769,-0.27960,-0.27971,-0.27754,-0.27313,-0.26728,-0.26157,-0.25812,-0.25899,-0.26544,-0.27730,-0.29277,-0.30855,-0.32042,-0.32396,-0.31527,-0.29141,-0.25075,-0.19306,-0.11958,-0.03316,0.06172,0.15912,0.25224,0.33441,0.40028,0.44681,0.47370,0.48318,0.47920,0.46637,0.44906,0.43077,0.41407,0.40065,0.39159,0.38751,0.38863,0.39473,0.40518,0.41907,0.43542,0.45339,0.47243,0.49240,0.51346,0.53606,0.56071,0.58793,0.61816,0.65178,0.68907,0.73023,0.77524,0.82367,0.87434,0.92502,0.97230,1.01185,1.03920,1.05079
-1.29234,-1.29004,-1.28453,-1.27644,-1.26676,-1.25657,-1.24665,-1.23691,-1.22621,-1.21253,-1.19362,-1.16772,-1.13415,-1.09341,-1.04690,-0.99642,-0.94360,-0.88953,-0.83462,-0.77863,-0.72098,-0.66115,-0.59913,-0.53580,-0.47310,-0.41388,-0.36142,-0.31876,-0.28800,-0.26975,-0.26310,-0.26588,-0.27527,-0.28835,-0.30257,-0.31589,-0.32686,-0.33456,-0.33871,-0.33976,-0.33898,-0.33827,-0.33981,-0.34539,-0.35578,-0.37034,-0.38695,-0.40236,-0.41272,-0.41419,-0.40338,-0.37767,-0.33541,-0.27610,-0.20069,-0.11190,-0.01432,0.08578,0.18134,0.26565,0.33363,0.38268,0.41294,0.42686,0.42829,0.42153,0.41052,0.39841,0.38746,0.37917,0.37450,0.37398,0.37777,0.38564,0.39703,0.41116,0.42721,0.44450,0.46267,0.48166,0.50170,0.52320,0.54661,0.57237,0.60082,0.63224,0.66683,0.70472,0.74589,0.78994,0.83584,0.88165,0.92434,0.96005,0.98474,0.99521
-1.24249,-1.23997,-1.23393,-1.22508,-1.21447,-1.20323,-1.19211,-1.18098,-1.16864,-1.15307,-1.13204,-1.10390,-1.06813,-1.02547,-0.97758,-0.92645,-0.87380,-0.82064,-0.76719,-0.71300,-0.65731,-0.59956,-0.53985,-0.47930,-0.42017,-0.36569,-0.31949,-0.28482,-0.26375,-0.25669,-0.26232,-0.27797,-0.30026,-0.32575,-0.35138,-0.37474,-0.39413,-0.40861,-0.41813,-0.42348,-0.42628,-0.42862,-0.43260,-0.43969,-0.45030,-0.46352,-0.47724,-0.48855,-0.49426,-0.49128,-0.47685,-0.44869,-0.40510,-0.34526,-0.26970,-0.18086,-0.08326,0.01681,0.11227,0.19665,0.26530,0.31617,0.34979,0.36865,0.37628,0.37648,0.37261,0.36736,0.36266,0.35983,0.35970,0.36273,0.36906,0.37851,0.39065,0.40485,0.42051,0.43714,0.45452,0.47265,0.49178,0.51227,0.53449,0.55878,0.58541,0.61460,0.64650,0.68122,0.71875,0.75873,0.80029,0.84171,0.88029,0.91257,0.93490,0.94437
-1.19156,-1.18880,-1.18223,-1.17261,-1.16106,-1.14871,-1.13627,-1.12361,-1.10954,-1.09211,-1.06922,-1.03935,-1.00206,-0.95820,-0.90952,-0.85813,-0.80581,-0.75360,-0.70168,-0.64955,-0.59643,-0.54179,-0.48586,-0.42993,-0.37654,-0.32916,-0.29160,-0.26715,-0.25771,-0.26331,-0.28212,-0.31089,-0.34567,-0.38256,-0.41814,-0.44978,-0.47573,-0.49518,-0.50830,-0.51619,-0.52065,-0.52380,-0.52757,-0.53319,-0.54083,-0.54954,-0.55748,-0.56229,-0.56149,-0.55276,-0.53392,-0.50301,-0.45828,-0.39864,-0.32429,-0.23733,-0.14210,-0.04473,0.04798,0.13003,0.19748,0.24890,0.28523,0.30890,0.32302,0.33069,0.33457,0.33680,0.33892,0.34200,0.34672,0.35346,0.36234,0.37326,0.38596,0.40008,0.41525,0.43121,0.44783,0.46518,0.48346,0.50296,0.52397,0.54675,0.57149,0.59840,0.62763,0.65931,0.69344,0.72973,0.76742,0.80494,0.83990,0.86916,0.88941,0.89800
-1.13983,-1.13685,-1.12977,-1.11941,-1.10693,-1.09344,-1.07961,-1.06531,-1.04945,-1.03026,-1.00583,-0.97476,-0.93665,-0.89228,-0.84336,-0.79199,-0.74002,-0.68864,-0.63818,-0.58827,-0.53831,-0.48791,-0.43745,-0.38838,-0.34331,-0.30575,-0.27942,-0.26736,-0.27109,-0.29011,-0.32197,-0.36281,-0.40822,-0.45398,-0.49656,-0.53341,-0.56299,-0.58477,-0.59920,-0.60759,-0.61180,-0.61383,-0.61540,-0.61751,-0.62026,-0.62283,-0.62376,-0.62126,-0.61354,-0.59889,-0.57561,-0.54196,-0.49625,-0.43723,-0.36488,-0.28111,-0.19006,-0.09757,-0.00996,0.06751,0.13174,0.18215,0.22009,0.24797,0.26840,0.28370,0.29574,0.30597,0.31547,0.32500,0.33502,0.34578,0.35736,0.36977,0.38296,0.39689,0.41149,0.42671,0.44257,0.45913,0.47655,0.49501,0.51472,0.53586,0.55862,0.58320,0.60979,0.63857,0.66959,0.70261,0.73690,0.77107,0.80290,0.82952,0.84794,0.85575
-1.08736,-1.08418,-1.07663,-1.06556,-1.05215,-1.03749,-1.02220,-1.00619,-0.98854,-0.96774,-0.94211,-0.91036,-0.87204,-0.82774,-0.77900,-0.72783,-0.67620,-0.62554,-0.57649,-0.52908,-0.48301,-0.43821,-0.39522,-0.35551,-0.32158,-0.29661,-0.28388,-0.28586,-0.30345,-0.33549,-0.37890,-0.42933,-0.48209,-0.53293,-0.57855,-0.61677,-0.64655,-0.66778,-0.68124,-0.68834,-0.69086,-0.69061,-0.68902,-0.68692,-0.68437,-0.68073,-0.67494,-0.66572,-0.65181,-0.63193,-0.60475,-0.56873,-0.52225,-0.46410,-0.39422,-0.31445,-0.22878,-0.14271,-0.06194,0.00914,0.06848,0.11638,0.15477,0.18606,0.21238,0.23523,0.25563,0.27427,0.29166,0.30816,0.32395,0.33912,0.35370,0.36779,0.38157,0.39534,0.40936,0.42382,0.43885,0.45454,0.47096,0.48822,0.50645,0.52580,0.54646,0.56866,0.59265,0.61869,0.64686,0.67696,0.70832,0.73959,0.76870,0.79304,0.80986,0.81698
-1.03394,-1.03057,-1.02254,-1.01075,-0.99636,-0.98044,-0.96363,-0.94590,-0.92657,-0.90438,-0.87790,-0.84592,-0.80785,-0.76403,-0.71573,-0.66488,-0.61361,-0.56371,-0.51634,-0.47205,-0.43104,-0.39358,-0.36036,-0.33270,-0.31263,-0.30263,-0.30512,-0.32175,-0.35259,-0.39583,-0.44790,-0.50422,-0.56011,-0.61165,-0.65609,-0.69195,-0.71880,-0.73707,-0.74782,-0.75249,-0.75270,-0.74994,-0.74534,-0.73949,-0.73241,-0.72365,-0.71242,-0.69785,-0.67906,-0.65510,-0.62490,-0.58711,-0.54029,-0.48335,-0.41635,-0.34119,-0.26172,-0.18306,-0.11024,-0.04666,0.00671,0.05113,0.08910,0.12313,0.15491,0.18518,0.21403,0.24132,0.26694,0.29078,0.31276,0.33275,0.35074,0.36690,0.38162,0.39547,0.40903,0.42273,0.43684,0.45147,0.46666,0.48248,0.49901,0.51639,0.53482,0.55459,0.57602,0.59942,0.62492,0.65236,0.68108,0.70978,0.73650,0.75881,0.77421,0.78073
-0.97918,-0.97558,-0.96700,-0.95437,-0.93887,-0.92159,-0.90321,-0.88386,-0.86305,-0.83979,-0.81283,-0.78095,-0.74341,-0.70024,-0.65249,-0.60207,-0.55135,-0.50261,-0.45765,-0.41768,-0.38345,-0.35556,-0.33464,-0.32160,-0.31763,-0.32409,-0.34226,-0.37271,-0.41474,-0.46601,-0.52279,-0.58060,-0.63521,-0.68335,-0.72306,-0.75366,-0.77543,-0.78928,-0.79649,-0.79845,-0.79651,-0.79182,-0.78511,-0.77672,-0.76656,-0.75424,-0.73920,-0.72083,-0.69855,-0.67170,-0.63945,-0.60069,-0.55417,-0.49905,-0.43556,-0.36566,-0.29307,-0.22246,-0.15810,-0.10242,-0.05533,-0.01468,0.02261,0.05910,0.09612,0.13367,0.17094,0.20696,0.24091,0.27226,0.30065,0.32582,0.34770,0.36648,0.38269,0.39709,0.41048,0.42352,0.43661,0.44995,0.46363,0.47772,0.49231,0.50755,0.52367,0.54098,0.55985,0.58064,0.60354,0.62840,0.65460,0.68087,0.70537,0.72582,0.73993,0.74590
-0.92269,-0.91880,-0.90953,-0.89585,-0.87904,-0.86027,-0.84035,-0.81957,-0.79761,-0.77367,-0.74656,-0.71502,-0.67807,-0.63555,-0.58836,-0.53852,-0.48880,-0.44208,-0.40087,-0.36707,-0.34190,-0.32610,-0.32000,-0.32368,-0.33710,-0.36025,-0.39305,-0.43505,-0.48492,-0.54017,-0.59727,-0.65233,-0.70188,-0.74352,-0.77619,-0.79998,-0.81575,-0.82481,-0.82852,-0.82819,-0.82486,-0.81924,-0.81168,-0.80219,-0.79049,-0.77618,-0.75880,-0.73797,-0.71337,-0.68465,-0.65126,-0.61237,-0.56700,-0.51455,-0.45543,-0.39161,-0.32655,-0.26438,-0.20854,-0.16050,-0.11925,-0.08188,-0.04493,-0.00580,0.03647,0.08118,0.12672,0.17127,0.21339,0.25216,0.28699,0.31757,0.34378,0.36580,0.38418,0.39973,0.41337,0.42591,0.43793,0.44978,0.46169,0.47381,0.48629,0.49930,0.51307,0.52792,0.54422,0.56237,0.58260,0.60481,0.62842,0.65225,0.67455,0.69320,0.70607,0.71152
-0.86438,-0.86011,-0.84993,-0.83496,-0.81661,-0.79627,-0.77491,-0.75298,-0.73030,-0.70608,-0.67911,-0.64798,-0.61156,-0.56956,-0.52294,-0.47403,-0.42611,-0.38276,-0.34721,-0.32191,-0.30840,-0.30719,-0.31792,-0.33947,-0.37029,-0.40886,-0.45382,-0.50392,-0.55758,-0.61256,-0.66601,-0.71493,-0.75686,-0.79036,-0.81514,-0.83189,-0.84190,-0.84665,-0.84756,-0.84576,-0.84198,-0.83651,-0.82928,-0.81994,-0.80800,-0.79295,-0.77439,-0.75212,-0.72610,-0.69631,-0.66258,-0.62440,-0.58110,-0.53229,-0.47850,-0.42157,-0.36458,-0.31097,-0.26328,-0.22207,-0.18558,-0.15042,-0.11295,-0.07069,-0.02309,0.02856,0.08194,0.13454,0.18439,0.23022,0.27134,0.30740,0.33828,0.36409,0.38528,0.40259,0.41693,0.42921,0.44019,0.45047,0.46049,0.47055,0.48088,0.49168,0.50315,0.51556,0.52929,0.54473,0.56215,0.58153,0.60238,0.62363,0.64365,0.66048,0.67212,0.67705
-0.80462,-0.79986,-0.78856,-0.77205,-0.75200,-0.73006,-0.70744,-0.68470,-0.66169,-0.63755,-0.61090,-0.58016,-0.54412,-0.50255,-0.45669,-0.40934,-0.36443,-0.32624,-0.29863,-0.28440,-0.28501,-0.30037,-0.32897,-0.36820,-0.41492,-0.46621,-0.51976,-0.57393,-0.62734,-0.67842,-0.72529,-0.76607,-0.79933,-0.82446,-0.84176,-0.85230,-0.85751,-0.85897,-0.85803,-0.85565,-0.85225,-0.84775,-0.84169,-0.83338,-0.82208,-0.80717,-0.78829,-0.76538,-0.73867,-0.70853,-0.67517,-0.63849,-0.59810,-0.55381,-0.50613,-0.45667,-0.40794,-0.36258,-0.32220,-0.28656,-0.25335,-0.21899,-0.17996,-0.13407,-0.08120,-0.02311,0.03732,0.09715,0.15400,0.20638,0.25350,0.29500,0.33071,0.36067,0.38514,0.40467,0.42010,0.43239,0.44251,0.45132,0.45954,0.46766,0.47601,0.48476,0.49406,0.50412,0.51526,0.52789,0.54234,0.55870,0.57659,0.59508,0.61271,0.62763,0.63801,0.64242
-0.74420,-0.73889,-0.72631,-0.70808,-0.68624,-0.66275,-0.63907,-0.61584,-0.59284,-0.56901,-0.54275,-0.51234,-0.47659,-0.43554,-0.39091,-0.34615,-0.30586,-0.27497,-0.25771,-0.25692,-0.27351,-0.30638,-0.35253,-0.40773,-0.46742,-0.52767,-0.58572,-0.64004,-0.68986,-0.73454,-0.77333,-0.80543,-0.83030,-0.84798,-0.85908,-0.86478,-0.86654,-0.86585,-0.86398,-0.86170,-0.85919,-0.85607,-0.85155,-0.84467,-0.83452,-0.82036,-0.80183,-0.77899,-0.75233,-0.72256,-0.69029,-0.65579,-0.61897,-0.57976,-0.53859,-0.49667,-0.45587,-0.41793,-0.38359,-0.35193,-0.32037,-0.28541,-0.24391,-0.19416,-0.13645,-0.07288,-0.00656,0.05935,0.12230,0.18062,0.23342,0.28025,0.32085,0.35510,0.38305,0.40507,0.42187,0.43446,0.44402,0.45168,0.45844,0.46497,0.47165,0.47862,0.48595,0.49374,0.50230,0.51204,0.52337,0.53652,0.55128,0.56688,0.58201,0.59498,0.60407,0.60794
-0.68420,-0.67828,-0.66436,-0.64436,-0.62073,-0.59581,-0.57127,-0.54780,-0.52501,-0.50161,-0.47575,-0.44565,-0.41031,-0.37019,-0.32768,-0.28694,-0.25321,-0.23185,-0.22717,-0.24159,-0.27505,-0.32502,-0.38689,-0.45497,-0.52366,-0.58859,-0.64715,-0.69839,-0.74239,-0.77954,-0.81010,-0.83419,-0.85192,-0.86369,-0.87023,-0.87265,-0.87229,-0.87049,-0.86839,-0.86659,-0.86510,-0.86332,-0.86028,-0.85487,-0.84604,-0.83302,-0.81542,-0.79339,-0.76758,-0.73897,-0.70850,-0.67677,-0.64393,-0.60997,-0.57516,-0.54028,-0.50646,-0.47463,-0.44474,-0.41539,-0.38396,-0.34732,-0.30290,-0.24954,-0.18792,-0.12022,-0.04950,0.02118,0.08927,0.15300,0.21126,0.26336,0.30885,0.34739,0.37884,0.40342,0.42175,0.43493,0.44431,0.45130,0.45711,0.46253,0.46795,0.47344,0.47896,0.48456,0.49049,0.49722,0.50528,0.51506,0.52655,0.53919,0.55180,0.56284,0.57067,0.57403
-0.62547,-0.61897,-0.60374,-0.58206,-0.55678,-0.53061,-0.50543,-0.48192,-0.45950,-0.43663,-0.41126,-0.38166,-0.34713,-0.30876,-0.26965,-0.23465,-0.20951,-0.19973,-0.20931,-0.23979,-0.28976,-0.35505,-0.42954,-0.50642,-0.57969,-0.64517,-0.70092,-0.74687,-0.78403,-0.81369,-0.83691,-0.85439,-0.86666,-0.87424,-0.87783,-0.87838,-0.87701,-0.87490,-0.87299,-0.87176,-0.87110,-0.87031,-0.86838,-0.86416,-0.85661,-0.84494,-0.82878,-0.80827,-0.78414,-0.75752,-0.72954,-0.70100,-0.67224,-0.64329,-0.61421,-0.58535,-0.55716,-0.52984,-0.50274,-0.47422,-0.44182,-0.40297,-0.35577,-0.29962,-0.23542,-0.16522,-0.09167,-0.01750,0.05493,0.12372,0.18741,0.24489,0.29533,0.33814,0.37304,0.40014,0.42010,0.43411,0.44371,0.45052,0.45588,0.46065,0.46516,0.46939,0.47320,0.47656,0.47974,0.48327,0.48785,0.49409,0.50221,0.51185,0.52201,0.53121,0.53789,0.54079
-0.56829,-0.56127,-0.54491,-0.52179,-0.49518,-0.46810,-0.44260,-0.41933,-0.39754,-0.37543,-0.35088,-0.32227,-0.28936,-0.25389,-0.21969,-0.19219,-0.17744,-0.18075,-0.20540,-0.25167,-0.31655,-0.39426,-0.47742,-0.55873,-0.63238,-0.69496,-0.74556,-0.78511,-0.81545,-0.83849,-0.85576,-0.86829,-0.87675,-0.88168,-0.88366,-0.88341,-0.88184,-0.87990,-0.87836,-0.87758,-0.87737,-0.87708,-0.87575,-0.87233,-0.86586,-0.85562,-0.84124,-0.82285,-0.80114,-0.77720,-0.75223,-0.72711,-0.70227,-0.67775,-0.65345,-0.62932,-0.60525,-0.58087,-0.55516,-0.52642,-0.49255,-0.45159,-0.40234,-0.34464,-0.27941,-0.20830,-0.13335,-0.05668,0.01957,0.09332,0.16261,0.22573,0.28132,0.32848,0.36681,0.39643,0.41809,0.43312,0.44324,0.45020,0.45544,0.45981,0.46357,0.46658,0.46860,0.46956,0.46974,0.46979,0.47060,0.47304,0.47763,0.48424,0.49202,0.49955,0.50521,0.50772
-0.51206,-0.50467,-0.48749,-0.46342,-0.43604,-0.40865,-0.38342,-0.36095,-0.34031,-0.31953,-0.29645,-0.26969,-0.23950,-0.20827,-0.18043,-0.16188,-0.15869,-0.17570,-0.21515,-0.27583,-0.35304,-0.43958,-0.52732,-0.60901,-0.67961,-0.73690,-0.78112,-0.81411,-0.83832,-0.85598,-0.86882,-0.87791,-0.88395,-0.88738,-0.88864,-0.88828,-0.88698,-0.88545,-0.88428,-0.88372,-0.88358,-0.88330,-0.88208,-0.87904,-0.87339,-0.86451,-0.85207,-0.83614,-0.81729,-0.79648,-0.77478,-0.75306,-0.73177,-0.71095,-0.69035,-0.66964,-0.64833,-0.62563,-0.60035,-0.57091,-0.53567,-0.49328,-0.44310,-0.38525,-0.32046,-0.24980,-0.17449,-0.09601,-0.01621,0.06257,0.13774,0.20685,0.26790,0.31964,0.36153,0.39375,0.41719,0.43334,0.44408,0.45128,0.45643,0.46036,0.46326,0.46486,0.46486,0.46312,0.45996,0.45616,0.45285,0.45118,0.45201,0.45546,0.46086,0.46677,0.47152,0.47368
-0.45534,-0.44781,-0.43039,-0.40617,-0.37897,-0.35228,-0.32832,-0.30760,-0.28902,-0.27049,-0.24990,-0.22611,-0.19983,-0.17400,-0.15358,-0.14469,-0.15329,-0.18354,-0.23646,-0.30924,-0.39565,-0.48738,-0.57605,-0.65496,-0.72025,-0.77101,-0.80861,-0.83558,-0.85469,-0.86828,-0.87798,-0.88483,-0.88941,-0.89207,-0.89314,-0.89300,-0.89211,-0.89101,-0.89011,-0.88955,-0.88919,-0.88858,-0.88711,-0.88412,-0.87903,-0.87133,-0.86074,-0.84730,-0.83140,-0.81378,-0.79532,-0.77676,-0.75851,-0.74060,-0.72272,-0.70434,-0.68472,-0.66288,-0.63759,-0.60752,-0.57144,-0.52858,-0.47869,-0.42196,-0.35880,-0.28954,-0.21458,-0.13471,-0.05157,0.03224,0.11346,0.18883,0.25568,0.31230,0.35801,0.39302,0.41834,0.43564,0.44694,0.45422,0.45903,0.46220,0.46386,0.46369,0.46128,0.45650,0.44967,0.44169,0.43391,0.42780,0.42455,0.42460,0.42743,0.43164,0.43543,0.43724
-0.39628,-0.38898,-0.37217,-0.34903,-0.32346,-0.29897,-0.27774,-0.26012,-0.24486,-0.22978,-0.21281,-0.19307,-0.17164,-0.15188,-0.13912,-0.13965,-0.15918,-0.20115,-0.26534,-0.34745,-0.43992,-0.53375,-0.62066,-0.69487,-0.75385,-0.79795,-0.82944,-0.85134,-0.86649,-0.87712,-0.88471,-0.89012,-0.89383,-0.89611,-0.89718,-0.89731,-0.89680,-0.89602,-0.89524,-0.89453,-0.89378,-0.89267,-0.89078,-0.88765,-0.88286,-0.87608,-0.86708,-0.85585,-0.84265,-0.82796,-0.81242,-0.79660,-0.78085,-0.76515,-0.74919,-0.73234,-0.71375,-0.69236,-0.66702,-0.63667,-0.60050,-0.55811,-0.50952,-0.45486,-0.39409,-0.32684,-0.25272,-0.17191,-0.08583,0.00268,0.08978,0.17143,0.24426,0.30607,0.35592,0.39398,0.42134,0.43979,0.45149,0.45854,0.46259,0.46450,0.46442,0.46202,0.45685,0.44874,0.43804,0.42572,0.41328,0.40248,0.39484,0.39113,0.39104,0.39323,0.39585,0.39721
-0.33323,-0.32667,-0.31166,-0.29128,-0.26929,-0.24900,-0.23232,-0.21941,-0.20884,-0.19834,-0.18593,-0.17091,-0.15463,-0.14077,-0.13493,-0.14353,-0.17211,-0.22345,-0.29625,-0.38494,-0.48091,-0.57474,-0.65854,-0.72754,-0.78042,-0.81861,-0.84505,-0.86299,-0.87523,-0.88379,-0.88995,-0.89442,-0.89758,-0.89962,-0.90070,-0.90100,-0.90072,-0.90011,-0.89932,-0.89839,-0.89723,-0.89562,-0.89328,-0.88991,-0.88526,-0.87911,-0.87131,-0.86184,-0.85082,-0.83856,-0.82546,-0.81190,-0.79812,-0.78410,-0.76949,-0.75365,-0.73570,-0.71462,-0.68941,-0.65923,-0.62360,-0.58241,-0.53577,-0.48369,-0.42571,-0.36084,-0.28804,-0.20696,-0.11875,-0.02635,0.06596,0.15352,0.23227,0.29945,0.35372,0.39509,0.42465,0.44425,0.45620,0.46272,0.46557,0.46573,0.46344,0.45842,0.45026,0.43879,0.42430,0.40776,0.39074,0.37520,0.36295,0.35509,0.35161,0.35133,0.35241,0.35318
-0.26539,-0.26020,-0.24848,-0.23293,-0.21683,-0.20297,-0.19282,-0.18617,-0.18140,-0.17622,-0.16871,-0.15834,-0.14664,-0.13754,-0.13688,-0.15129,-0.18625,-0.24414,-0.32285,-0.41581,-0.51365,-0.60670,-0.68749,-0.75208,-0.80014,-0.83386,-0.85662,-0.87176,-0.88199,-0.88913,-0.89432,-0.89813,-0.90086,-0.90268,-0.90368,-0.90401,-0.90381,-0.90322,-0.90235,-0.90119,-0.89968,-0.89766,-0.89494,-0.89133,-0.88669,-0.88091,-0.87391,-0.86568,-0.85628,-0.84586,-0.83465,-0.82287,-0.81063,-0.79788,-0.78424,-0.76911,-0.75162,-0.73086,-0.70596,-0.67629,-0.64162,-0.60199,-0.55758,-0.50823,-0.45317,-0.39097,-0.32008,-0.23965,-0.15050,-0.05548,0.04095,0.13365,0.21795,0.29041,0.34920,0.39401,0.42584,0.44660,0.45868,0.46446,0.46582,0.46391,0.45913,0.45136,0.44029,0.42572,0.40787,0.38759,0.36638,0.34629,0.32937,0.31708,0.30975,0.30649,0.30567,0.30565
-0.19322,-0.19011,-0.18329,-0.17476,-0.16693,-0.16169,-0.15978,-0.16052,-0.16211,-0.16227,-0.15923,-0.15258,-0.14403,-0.13769,-0.13972,-0.15702,-0.19529,-0.25677,-0.33892,-0.43454,-0.53369,-0.62650,-0.70569,-0.76785,-0.81319,-0.84437,-0.86499,-0.87847,-0.88744,-0.89365,-0.89814,-0.90144,-0.90381,-0.90537,-0.90621,-0.90645,-0.90620,-0.90555,-0.90456,-0.90322,-0.90146,-0.89915,-0.89615,-0.89234,-0.88765,-0.88204,-0.87550,-0.86805,-0.85973,-0.85061,-0.84078,-0.83035,-0.81932,-0.80755,-0.79467,-0.78007,-0.76297,-0.74254,-0.71806,-0.68909,-0.65553,-0.61754,-0.57531,-0.52860,-0.47645,-0.41717,-0.34879,-0.27005,-0.18132,-0.08513,0.01409,0.11090,0.20003,0.27735,0.34038,0.38845,0.42240,0.44418,0.45629,0.46123,0.46104,0.45703,0.44983,0.43953,0.42596,0.40892,0.38847,0.36521,0.34046,0.31624,0.29481,0.27797,0.26648,0.25987,0.25681,0.25587
-0.11852,-0.11815,-0.11769,-0.11816,-0.12061,-0.12569,-0.13314,-0.14173,-0.14949,-0.15427,-0.15449,-0.14994,-0.14249,-0.13645,-0.13829,-0.15535,-0.19375,-0.25600,-0.33952,-0.43685,-0.53770,-0.63187,-0.71193,-0.77446,-0.81976,-0.85062,-0.87074,-0.88362,-0.89199,-0.89764,-0.90162,-0.90450,-0.90652,-0.90780,-0.90844,-0.90853,-0.90815,-0.90740,-0.90630,-0.90483,-0.90291,-0.90042,-0.89724,-0.89328,-0.88851,-0.88294,-0.87663,-0.86961,-0.86196,-0.85370,-0.84485,-0.83543,-0.82534,-0.81438,-0.80212,-0.78797,-0.77122,-0.75114,-0.72713,-0.69888,-0.66640,-0.62992,-0.58966,-0.54537,-0.49602,-0.43976,-0.37437,-0.29814,-0.21097,-0.11490,-0.01420,0.08554,0.17846,0.25973,0.32622,0.37684,0.41234,0.43474,0.44669,0.45080,0.44922,0.44344,0.43428,0.42209,0.40681,0.38821,0.36611,0.34079,0.31328,0.28552,0.25990,0.23862,0.22290,0.21278,0.20733,0.20539
-0.04392,-0.04677,-0.05377,-0.06458,-0.07861,-0.09487,-0.11196,-0.12806,-0.14111,-0.14918,-0.15099,-0.14659,-0.13803,-0.12981,-0.12871,-0.14258,-0.17820,-0.23870,-0.32194,-0.42059,-0.52414,-0.62191,-0.70586,-0.77198,-0.82017,-0.85299,-0.87422,-0.88752,-0.89586,-0.90125,-0.90489,-0.90741,-0.90910,-0.91011,-0.91053,-0.91043,-0.90992,-0.90906,-0.90787,-0.90632,-0.90432,-0.90173,-0.89844,-0.89438,-0.88952,-0.88393,-0.87769,-0.87089,-0.86362,-0.85592,-0.84777,-0.83911,-0.82978,-0.81949,-0.80779,-0.79408,-0.77768,-0.75795,-0.73439,-0.70679,-0.67525,-0.64006,-0.60149,-0.55933,-0.51254,-0.45920,-0.39686,-0.32348,-0.23843,-0.14334,-0.04222,0.05915,0.15446,0.23819,0.30667,0.35853,0.39450,0.41679,0.42824,0.43157,0.42900,0.42209,0.41183,0.39871,0.38277,0.36367,0.34094,0.31447,0.28501,0.25435,0.22504,0.19965,0.17992,0.16639,0.15858,0.15564
0.02790,0.02158,0.00663,-0.01506,-0.04094,-0.06828,-0.09443,-0.11699,-0.13393,-0.14366,-0.14532,-0.13925,-0.12768,-0.11524,-0.10900,-0.11736,-0.14788,-0.20466,-0.28644,-0.38637,-0.49387,-0.59760,-0.68845,-0.76128,-0.81508,-0.85199,-0.87577,-0.89038,-0.89919,-0.90457,-0.90799,-0.91022,-0.91163,-0.91238,-0.91259,-0.91233,-0.91169,-0.91073,-0.90947,-0.90787,-0.90582,-0.90318,-0.89983,-0.89569,-0.89076,-0.88512,-0.87888,-0.87220,-0.86516,-0.85783,-0.85018,-0.84212,-0.83342,-0.82374,-0.81258,-0.79931,-0.78330,-0.76392,-0.74077,-0.71372,-0.68293,-0.64879,-0.61162,-0.57123,-0.52660,-0.47572,-0.41601,-0.34513,-0.26212,-0.16830,-0.06758,0.03407,0.12994,0.21403,0.28236,0.33351,0.36843,0.38961,0.40012,0.40277,0.39977,0.39264,0.38238,0.36952,0.35407,0.33550,0.31305,0.28623,0.25552,0.22264,0.19029,0.16136,0.13809,0.12150,0.11156,0.10772
0.09497,0.08522,0.06247,0.03027,-0.00679,-0.04417,-0.07802,-0.10550,-0.12472,-0.13452,-0.13454,-0.12546,-0.10963,-0.09177,-0.07914,-0.08062,-0.10469,-0.15662,-0.23636,-0.33784,-0.45049,-0.56217,-0.66234,-0.74430,-0.80582,-0.84841,-0.87580,-0.89239,-0.90204,-0.90763,-0.91094,-0.91294,-0.91411,-0.91465,-0.91467,-0.91426,-0.91351,-0.91248,-0.91117,-0.90953,-0.90744,-0.90477,-0.90138,-0.89718,-0.89220,-0.88651,-0.88027,-0.87365,-0.86678,-0.85973,-0.85248,-0.84491,-0.83677,-0.82765,-0.81702,-0.80423,-0.78862,-0.76960,-0.74680,-0.72016,-0.68995,-0.65663,-0.62055,-0.58153,-0.53847,-0.48928,-0.43125,-0.36194,-0.28028,-0.18761,-0.08797,0.01245,0.10665,0.18848,0.25402,0.30214,0.33423,0.35320,0.36235,0.36451,0.36176,0.35543,0.34636,0.33494,0.32102,0.30384,0.28236,0.25582,0.22450,0.19008,0.15542,0.12371,0.09759,0.07850,0.06681,0.06222
0.15659,0.14368,0.11380,0.07220,0.02542,-0.02025,-0.05996,-0.09057,-0.11044,-0.11899,-0.11635,-0.10354,-0.08304,-0.05956,-0.04045,-0.03501,-0.05257,-0.09970,-0.17765,-0.28126,-0.40003,-0.52091,-0.63175,-0.72410,-0.79436,-0.84338,-0.87491,-0.89378,-0.90448,-0.91040,-0.91369,-0.91554,-0.91651,-0.91686,-0.91673,-0.91621,-0.91537,-0.91427,-0.91292,-0.91124,-0.90913,-0.90642,-0.90299,-0.89876,-0.89374,-0.88803,-0.88181,-0.87525,-0.86853,-0.86173,-0.85484,-0.84771,-0.84007,-0.83149,-0.82138,-0.80907,-0.79385,-0.77515,-0.75261,-0.72627,-0.69647,-0.66375,-0.62847,-0.59034,-0.54812,-0.49959,-0.44198,-0.37293,-0.29164,-0.19982,-0.10191,-0.00441,0.08563,0.16231,0.22225,0.26499,0.29259,0.30840,0.31592,0.31788,0.31608,0.31151,0.30468,0.29566,0.28404,0.26883,0.24876,0.22293,0.19153,0.15627,0.12011,0.08648,0.05830,0.03737,0.02436,0.01921
0.21320,0.19756,0.16162,0.11219,0.05768,0.00585,-0.03761,-0.06948,-0.08854,-0.09480,-0.08895,-0.07234,-0.04755,-0.01928,0.00514,0.01611,0.00356,-0.04021,-0.11764,-0.22438,-0.34993,-0.48031,-0.60184,-0.70437,-0.78309,-0.83826,-0.87374,-0.89481,-0.90655,-0.91284,-0.91616,-0.91789,-0.91871,-0.91893,-0.91868,-0.91807,-0.91717,-0.91603,-0.91464,-0.91292,-0.91077,-0.90803,-0.90457,-0.90031,-0.89529,-0.88959,-0.88342,-0.87697,-0.87043,-0.86388,-0.85731,-0.85059,-0.84341,-0.83532,-0.82569,-0.81380,-0.79893,-0.78046,-0.75810,-0.73194,-0.70241,-0.67010,-0.63529,-0.59752,-0.55532,-0.50629,-0.44770,-0.37753,-0.29561,-0.20441,-0.10901,-0.01620,0.06719,0.13598,0.18777,0.22317,0.24500,0.25706,0.26290,0.26501,0.26475,0.26265,0.25873,0.25268,0.24376,0.23077,0.21232,0.18748,0.15646,0.12100,0.08412,0.04939,0.01992,-0.00223,-0.01615,-0.02169
0.26602,0.24817,0.20741,0.15199,0.09194,0.03626,-0.00881,-0.04015,-0.05708,-0.06027,-0.05099,-0.03097,-0.00292,0.02848,0.05591,0.06962,0.05907,0.01582,-0.06339,-0.17468,-0.30737,-0.44665,-0.57753,-0.68862,-0.77422,-0.83431,-0.87288,-0.89568,-0.90826,-0.91486,-0.91824,-0.91991,-0.92062,-0.92073,-0.92040,-0.91974,-0.91881,-0.91765,-0.91623,-0.91448,-0.91228,-0.90950,-0.90602,-0.90177,-0.89677,-0.89115,-0.88509,-0.87879,-0.87245,-0.86616,-0.85992,-0.85357,-0.84680,-0.83911,-0.82987,-0.81831,-0.80367,-0.78535,-0.76307,-0.73699,-0.70762,-0.67551,-0.64081,-0.60281,-0.55972,-0.50902,-0.44812,-0.37562,-0.29230,-0.20169,-0.10968,-0.02324,0.05135,0.11005,0.15186,0.17863,0.19403,0.20216,0.20644,0.20897,0.21057,0.21122,0.21041,0.20742,0.20118,0.19035,0.17353,0.14985,0.11958,0.08446,0.04752,0.01233,-0.01786,-0.04079,-0.05533,-0.06116
0.31645,0.29698,0.25274,0.19325,0.12988,0.07261,0.02798,-0.00118,-0.01482,-0.01433,-0.00161,0.02119,0.05110,0.08337,0.11068,0.12330,0.11058,0.06391,-0.02016,-0.13768,-0.27761,-0.42442,-0.56232,-0.67928,-0.76927,-0.83231,-0.87267,-0.89647,-0.90955,-0.91638,-0.91982,-0.92146,-0.92212,-0.92217,-0.92181,-0.92114,-0.92022,-0.91905,-0.91761,-0.91583,-0.91360,-0.91079,-0.90730,-0.90310,-0.89819,-0.89270,-0.88681,-0.88072,-0.87461,-0.86860,-0.86266,-0.85663,-0.85017,-0.84279,-0.83381,-0.82244,-0.80791,-0.78963,-0.76735,-0.74129,-0.71196,-0.67983,-0.64480,-0.60585,-0.56092,-0.50738,-0.44302,-0.36726,-0.28210,-0.19231,-0.10458,-0.02590,0.03834,0.08559,0.11650,0.13422,0.14314,0.14751,0.15041,0.15342,0.15679,0.15993,0.16189,0.16155,0.15761,0.14865,0.13334,0.11090,0.08165,0.04729,0.01073,-0.02451,-0.05513,-0.07866,-0.09374,-0.09982
0.36592,0.34540,0.29907,0.23742,0.17287,0.11606,0.07364,0.04804,0.03861,0.04322,0.05929,0.08413,0.11435,0.14497,0.16866,0.17585,0.15627,0.10177,0.00954,-0.11590,-0.26287,-0.41539,-0.55747,-0.67712,-0.76864,-0.83242,-0.87314,-0.89713,-0.91036,-0.91730,-0.92081,-0.92248,-0.92314,-0.92320,-0.92285,-0.92222,-0.92133,-0.92020,-0.91876,-0.91696,-0.91469,-0.91188,-0.90843,-0.90432,-0.89957,-0.89429,-0.88864,-0.88281,-0.87696,-0.87121,-0.86553,-0.85973,-0.85348,-0.84626,-0.83739,-0.82606,-0.81153,-0.79320,-0.77089,-0.74479,-0.71534,-0.68283,-0.64689,-0.60615,-0.55832,-0.50083,-0.43204,-0.35242,-0.26535,-0.17684,-0.09426,-0.02431,0.02876,0.06413,0.08413,0.09314,0.09607,0.09705,0.09868,0.10193,0.10651,0.11138,0.11525,0.11674,0.11443,0.10690,0.09289,0.07172,0.04371,0.01039,-0.02552,-0.06065,-0.09165,-0.11584,-0.13153,-0.13791
0.41577,0.39485,0.34782,0.28585,0.22204,0.16738,0.12848,0.10731,0.10258,0.11141,0.13052,0.15655,0.18551,0.21203,0.22870,0.22633,0.19548,0.12918,0.02588,-0.10871,-0.26220,-0.41845,-0.56186,-0.68119,-0.77159,-0.83417,-0.87399,-0.89749,-0.91056,-0.91753,-0.92114,-0.92292,-0.92366,-0.92378,-0.92351,-0.92295,-0.92214,-0.92106,-0.91965,-0.91784,-0.91557,-0.91278,-0.90941,-0.90547,-0.90095,-0.89596,-0.89061,-0.88509,-0.87952,-0.87400,-0.86851,-0.86284,-0.85667,-0.84945,-0.84051,-0.82908,-0.81442,-0.79600,-0.77358,-0.74733,-0.71750,-0.68412,-0.64648,-0.60290,-0.55101,-0.48852,-0.41456,-0.33084,-0.24215,-0.15563,-0.07902,-0.01844,0.02329,0.04711,0.05694,0.05815,0.05587,0.05389,0.05420,0.05716,0.06201,0.06745,0.07203,0.07427,0.07276,0.06611,0.05316,0.03327,0.00665,-0.02540,-0.06049,-0.09542,-0.12684,-0.15182,-0.16828,-0.17503
0.46721,0.44651,0.40017,0.33961,0.27814,0.22683,0.19207,0.17548,0.17520,0.18775,0.20915,0.23526,0.26139,0.28164,0.28851,0.27337,0.22800,0.14714,0.03107,-0.11306,-0.27215,-0.43021,-0.57255,-0.68923,-0.77660,-0.83662,-0.87470,-0.89729,-0.91004,-0.91703,-0.92078,-0.92273,-0.92363,-0.92390,-0.92376,-0.92333,-0.92263,-0.92161,-0.92024,-0.91846,-0.91622,-0.91350,-0.91028,-0.90656,-0.90235,-0.89772,-0.89274,-0.88756,-0.88227,-0.87696,-0.87156,-0.86590,-0.85964,-0.85224,-0.84306,-0.83137,-0.81647,-0.79784,-0.77521,-0.74858,-0.71793,-0.68295,-0.64257,-0.59493,-0.53774,-0.46927,-0.38969,-0.30206,-0.21248,-0.12896,-0.05921,-0.00841,0.02220,0.03529,0.03614,0.03072,0.02412,0.01956,0.01834,0.02027,0.02426,0.02893,0.03286,0.03468,0.03307,0.02673,0.01459,-0.00403,-0.02910,-0.05966,-0.09367,-0.12823,-0.16000,-0.18579,-0.20307,-0.21024
0.52069,0.50085,0.45654,0.39895,0.34108,0.29370,0.26295,0.25017,0.25319,0.26809,0.29032,0.31502,0.33672,0.34900,0.34430,0.31469,0.25342,0.15720,0.02834,-0.12454,-0.28780,-0.44596,-0.58558,-0.69827,-0.78168,-0.83861,-0.87471,-0.89630,-0.90872,-0.91576,-0.91972,-0.92191,-0.92305,-0.92354,-0.92360,-0.92333,-0.92276,-0.92184,-0.92053,-0.91880,-0.91663,-0.91404,-0.91103,-0.90759,-0.90375,-0.89953,-0.89497,-0.89015,-0.88515,-0.87999,-0.87460,-0.86881,-0.86227,-0.85449,-0.84487,-0.83273,-0.81742,-0.79841,-0.77533,-0.74791,-0.71579,-0.67823,-0.63387,-0.58079,-0.51707,-0.44188,-0.35662,-0.26578,-0.17659,-0.09745,-0.03562,0.00502,0.02493,0.02834,0.02152,0.01072,0.00061,-0.00626,-0.00932,-0.00923,-0.00723,-0.00462,-0.00259,-0.00227,-0.00481,-0.01137,-0.02298,-0.04039,-0.06377,-0.09253,-0.12507,-0.15884,-0.19058,-0.21691,-0.23486,-0.24238
0.57495,0.55658,0.51558,0.46236,0.40904,0.36572,0.33819,0.32765,0.33192,0.34695,0.36785,0.38919,0.40491,0.40813,0.39139,0.34750,0.27121,0.16115,0.02143,-0.13814,-0.30371,-0.46057,-0.59669,-0.70514,-0.78477,-0.83893,-0.87340,-0.89426,-0.90653,-0.91372,-0.91796,-0.92047,-0.92192,-0.92269,-0.92300,-0.92293,-0.92251,-0.92169,-0.92047,-0.91883,-0.91679,-0.91438,-0.91162,-0.90852,-0.90508,-0.90131,-0.89719,-0.89275,-0.88802,-0.88296,-0.87749,-0.87141,-0.86440,-0.85601,-0.84570,-0.83286,-0.81689,-0.79720,-0.77325,-0.74444,-0.70996,-0.66864,-0.61890,-0.55901,-0.48776,-0.40549,-0.31511,-0.22243,-0.13545,-0.06249,-0.00981,0.02030,0.03001,0.02483,0.01165,-0.00343,-0.01635,-0.02539,-0.03062,-0.03308,-0.03401,-0.03447,-0.03531,-0.03735,-0.04150,-0.04876,-0.06014,-0.07644,-0.09805,-0.12470,-0.15526,-0.18757,-0.21857,-0.24480,-0.26296,-0.27065
0.62634,0.61002,0.57352,0.52594,0.47798,0.43865,0.41325,0.40302,0.40604,0.41846,0.43541,0.45126,0.45965,0.45352,0.42562,0.36956,0.28135,0.16112,0.01426,-0.14881,-0.31451,-0.46908,-0.60176,-0.70682,-0.78382,-0.83637,-0.87012,-0.89087,-0.90336,-0.91090,-0.91554,-0.91845,-0.92027,-0.92139,-0.92198,-0.92213,-0.92187,-0.92118,-0.92007,-0.91856,-0.91668,-0.91449,-0.91202,-0.90928,-0.90626,-0.90293,-0.89926,-0.89520,-0.89071,-0.88570,-0.88004,-0.87351,-0.86580,-0.85653,-0.84522,-0.83135,-0.81434,-0.79353,-0.76813,-0.73711,-0.69920,-0.65284,-0.59637,-0.52854,-0.44921,-0.36021,-0.26601,-0.17355,-0.09113,-0.02640,0.01588,0.03519,0.03527,0.02262,0.00426,-0.01415,-0.02936,-0.04048,-0.04817,-0.05367,-0.05813,-0.06227,-0.06657,-0.07149,-0.07768,-0.08602,-0.09748,-0.11287,-0.13274,-0.15710,-0.18518,-0.21526,-0.24462,-0.26985,-0.28755,-0.29510
0.66929,0.65553,0.62458,0.58380,0.54198,0.50669,0.48258,0.47096,0.47040,0.47764,0.48819,0.49667,0.49686,0.48191,0.44500,0.38042,0.28509,0.15998,0.01093,-0.15181,-0.31537,-0.46707,-0.59716,-0.70053,-0.77689,-0.82966,-0.86412,-0.88572,-0.89901,-0.90724,-0.91247,-0.91589,-0.91817,-0.91967,-0.92057,-0.92096,-0.92088,-0.92033,-0.91935,-0.91798,-0.91630,-0.91435,-0.91219,-0.90981,-0.90720,-0.90431,-0.90105,-0.89734,-0.89305,-0.88801,-0.88203,-0.87486,-0.86620,-0.85571,-0.84303,-0.82770,-0.80915,-0.78659,-0.75894,-0.72474,-0.68225,-0.62963,-0.56542,-0.48911,-0.40196,-0.30747,-0.21160,-0.12203,-0.04681,0.00771,0.03857,0.04710,0.03836,0.01936,-0.00309,-0.02407,-0.04121,-0.05437,-0.06465,-0.07340,-0.08157,-0.08957,-0.09747,-0.10540,-0.11381,-0.12347,-0.13528,-0.15007,-0.16843,-0.19052,-0.21587,-0.24313,-0.26997,-0.29328,-0.30978,-0.31686
0.69814,0.68731,0.66270,0.62970,0.59484,0.56395,0.54087,0.52695,0.52137,0.52167,0.52416,0.52415,0.51603,0.49358,0.45060,0.38202,0.28518,0.16114,0.01527,-0.14313,-0.30244,-0.45109,-0.57995,-0.68392,-0.76221,-0.81752,-0.85449,-0.87822,-0.89315,-0.90258,-0.90870,-0.91282,-0.91565,-0.91760,-0.91884,-0.91949,-0.91959,-0.91919,-0.91836,-0.91716,-0.91569,-0.91399,-0.91213,-0.91009,-0.90786,-0.90536,-0.90248,-0.89907,-0.89491,-0.88975,-0.88330,-0.87525,-0.86532,-0.85322,-0.83867,-0.82130,-0.80052,-0.77540,-0.74452,-0.70606,-0.65790,-0.59816,-0.52581,-0.44144,-0.34783,-0.25017,-0.15554,-0.07190,-0.00638,0.03635,0.05535,0.05364,0.03715,0.01298,-0.01263,-0.03562,-0.05447,-0.06963,-0.08246,-0.09433,-0.10599,-0.11754,-0.12874,-0.13948,-0.15002,-0.16105,-0.17344,-0.18800,-0.20527,-0.22545,-0.24818,-0.27241,-0.29622,-0.31693,-0.33164,-0.33797
0.70964,0.70190,0.68405,0.65942,0.63220,0.60634,0.58469,0.56857,0.55773,0.55062,0.54459,0.53600,0.52028,0.49219,0.44639,0.37832,0.28537,0.16796,0.03020,-0.12029,-0.27357,-0.41921,-0.54838,-0.65538,-0.73831,-0.79867,-0.84022,-0.86761,-0.88524,-0.89659,-0.90408,-0.90919,-0.91275,-0.91523,-0.91687,-0.91779,-0.91809,-0.91785,-0.91718,-0.91616,-0.91489,-0.91344,-0.91186,-0.91013,-0.90824,-0.90609,-0.90353,-0.90035,-0.89624,-0.89082,-0.88369,-0.87448,-0.86287,-0.84864,-0.83158,-0.81139,-0.78745,-0.75870,-0.72348,-0.67968,-0.62506,-0.55795,-0.47807,-0.38726,-0.28983,-0.19229,-0.10239,-0.02766,0.02614,0.05631,0.06382,0.05297,0.03011,0.00197,-0.02604,-0.05073,-0.07123,-0.08835,-0.10355,-0.11811,-0.13263,-0.14701,-0.16086,-0.17388,-0.18622,-0.19852,-0.21161,-0.22628,-0.24301,-0.26189,-0.28254,-0.30405,-0.32485,-0.34277,-0.35542,-0.36085
0.70476,0.70003,0.68883,0.67258,0.65329,0.63306,0.61368,0.59624,0.58098,0.56723,0.55343,0.53719,0.51524,0.48360,0.43789,0.37404,0.28918,0.18267,0.05680,-0.08304,-0.22890,-0.37155,-0.50223,-0.61428,-0.70423,-0.77200,-0.82019,-0.85292,-0.87453,-0.88875,-0.89827,-0.90482,-0.90939,-0.91257,-0.91467,-0.91591,-0.91643,-0.91637,-0.91586,-0.91502,-0.91396,-0.91275,-0.91142,-0.90997,-0.90838,-0.90653,-0.90424,-0.90122,-0.89704,-0.89119,-0.88311,-0.87234,-0.85851,-0.84142,-0.82095,-0.79686,-0.76856,-0.73492,-0.69418,-0.64417,-0.58284,-0.50905,-0.42347,-0.32919,-0.23174,-0.13839,-0.05681,0.00647,0.04740,0.06523,0.06246,0.04413,0.01647,-0.01453,-0.04438,-0.07066,-0.09292,-0.11202,-0.12930,-0.14589,-0.16234,-0.17855,-0.19410,-0.20866,-0.22232,-0.23563,-0.24945,-0.26451,-0.28123,-0.29955,-0.31896,-0.33852,-0.35688,-0.37234,-0.38309,-0.38766
0.68868,0.68664,0.68144,0.67294,0.66127,0.64690,0.63058,0.61308,0.59487,0.57603,0.55603,0.53374,0.50728,0.47396,0.43046,0.37316,0.29887,0.20569,0.09386,-0.03364,-0.17101,-0.31036,-0.44299,-0.56116,-0.65966,-0.73659,-0.79321,-0.83294,-0.85998,-0.87823,-0.89068,-0.89931,-0.90533,-0.90946,-0.91217,-0.91379,-0.91456,-0.91470,-0.91439,-0.91375,-0.91291,-0.91193,-0.91085,-0.90967,-0.90835,-0.90676,-0.90467,-0.90171,-0.89731,-0.89077,-0.88137,-0.86846,-0.85162,-0.83065,-0.80552,-0.77612,-0.74199,-0.70210,-0.65483,-0.59828,-0.53087,-0.45227,-0.36413,-0.27054,-0.17767,-0.09280,-0.02279,0.02730,0.05525,0.06190,0.05074,0.02694,-0.00387,-0.03671,-0.06804,-0.09600,-0.12024,-0.14136,-0.16038,-0.17826,-0.19560,-0.21248,-0.22870,-0.24397,-0.25838,-0.27240,-0.28685,-0.30247,-0.31961,-0.33808,-0.35717,-0.37582,-0.39272,-0.40650,-0.41585,-0.41977
0.66896,0.66912,0.66886,0.66692,0.66197,0.65317,0.64035,0.62384,0.60424,0.58209,0.55776,0.53120,0.50182,0.46819,0.42798,0.37803,0.31488,0.23550,0.13822,0.02372,-0.10438,-0.23960,-0.37351,-0.49753,-0.60483,-0.69171,-0.75797,-0.80613,-0.84008,-0.86374,-0.88027,-0.89188,-0.89996,-0.90543,-0.90896,-0.91107,-0.91216,-0.91257,-0.91251,-0.91216,-0.91161,-0.91093,-0.91015,-0.90925,-0.90819,-0.90681,-0.90485,-0.90180,-0.89694,-0.88934,-0.87803,-0.86215,-0.84116,-0.81490,-0.78349,-0.74708,-0.70554,-0.65822,-0.60394,-0.54137,-0.46970,-0.38943,-0.30303,-0.21506,-0.13161,-0.05915,-0.00314,0.03309,0.04891,0.04629,0.02904,0.00190,-0.03049,-0.06428,-0.09680,-0.12656,-0.15298,-0.17615,-0.19660,-0.21509,-0.23234,-0.24884,-0.26472,-0.27995,-0.29459,-0.30904,-0.32402,-0.34026,-0.35811,-0.37728,-0.39690,-0.41568,-0.43225,-0.44536,-0.45401,-0.45758
0.65291,0.65470,0.65818,0.66132,0.66182,0.65786,0.64850,0.63367,0.61388,0.58998,0.56295,0.53366,0.50255,0.46927,0.43238,0.38920,0.33616,0.26941,0.18580,0.08407,-0.03414,-0.16384,-0.29725,-0.42540,-0.54028,-0.63667,-0.71293,-0.77054,-0.81279,-0.84336,-0.86538,-0.88111,-0.89208,-0.89942,-0.90407,-0.90683,-0.90836,-0.90916,-0.90955,-0.90968,-0.90965,-0.90946,-0.90912,-0.90860,-0.90782,-0.90663,-0.90466,-0.90129,-0.89559,-0.88634,-0.87226,-0.85221,-0.82556,-0.79221,-0.75262,-0.70744,-0.65715,-0.60180,-0.54099,-0.47418,-0.40135,-0.32370,-0.24404,-0.16674,-0.09705,-0.03998,0.00076,0.02352,0.02889,0.01930,-0.00166,-0.03014,-0.06268,-0.09660,-0.12998,-0.16148,-0.19012,-0.21530,-0.23692,-0.25549,-0.27194,-0.28723,-0.30204,-0.31663,-0.33111,-0.34579,-0.36125,-0.37817,-0.39692,-0.41719,-0.43797,-0.45777,-0.47502,-0.48843,-0.49713,-0.50067
0.64549,0.64841,0.65454,0.66138,0.66604,0.66603,0.65983,0.64695,0.62775,0.60318,0.57463,0.54361,0.51136,0.47840,0.44402,0.40604,0.36100,0.30465,0.23291,0.14310,0.03524,-0.08719,-0.21744,-0.34676,-0.46664,-0.57081,-0.65641,-0.72381,-0.77546,-0.81443,-0.84348,-0.86467,-0.87953,-0.88940,-0.89554,-0.89917,-0.90135,-0.90282,-0.90402,-0.90511,-0.90607,-0.90683,-0.90728,-0.90735,-0.90696,-0.90590,-0.90374,-0.89970,-0.89259,-0.88084,-0.86279,-0.83704,-0.80288,-0.76048,-0.71084,-0.65546,-0.59580,-0.53292,-0.46736,-0.39942,-0.32969,-0.25961,-0.19171,-0.12949,-0.07671,-0.03659,-0.01106,-0.00042,-0.00337,-0.01753,-0.04002,-0.06811,-0.09959,-0.13284,-0.16659,-0.19950,-0.23012,-0.25709,-0.27965,-0.29800,-0.31327,-0.32693,-0.34022,-0.35379,-0.36788,-0.38269,-0.39867,-0.41639,-0.43621,-0.45786,-0.48024,-0.50168,-0.52038,-0.53486,-0.54421,-0.54799
0.64864,0.65235,0.66035,0.66992,0.67779,0.68106,0.67772,0.66691,0.64874,0.62414,0.59470,0.56236,0.52897,0.49568,0.46243,0.42757,0.38793,0.33929,0.27716,0.19808,0.10082,-0.01256,-0.13657,-0.26336,-0.38462,-0.49371,-0.58693,-0.66361,-0.72514,-0.77367,-0.81116,-0.83914,-0.85895,-0.87203,-0.88007,-0.88487,-0.88801,-0.89065,-0.89339,-0.89631,-0.89921,-0.90175,-0.90365,-0.90474,-0.90490,-0.90393,-0.90131,-0.89609,-0.88678,-0.87144,-0.84801,-0.81487,-0.77136,-0.71815,-0.65715,-0.59105,-0.52262,-0.45410,-0.38699,-0.32218,-0.26041,-0.20274,-0.15082,-0.10667,-0.07228,-0.04905,-0.03744,-0.03682,-0.04575,-0.06230,-0.08453,-0.11088,-0.14032,-0.17215,-0.20558,-0.23929,-0.27134,-0.29968,-0.32294,-0.34100,-0.35506,-0.36702,-0.37863,-0.39098,-0.40452,-0.41942,-0.43599,-0.45468,-0.47581,-0.49908,-0.52336,-0.54680,-0.56739,-0.58342,-0.59379,-0.59799
0.66194,0.66629,0.67583,0.68771,0.69842,0.70472,0.70423,0.69567,0.67884,0.65452,0.62437,0.59061,0.55554,0.52086,0.48708,0.45310,0.41624,0.37260,0.31779,0.24802,0.16129,0.05845,-0.05645,-0.17690,-0.29547,-0.40580,-0.50390,-0.58827,-0.65922,-0.71768,-0.76445,-0.80020,-0.82578,-0.84265,-0.85298,-0.85929,-0.86392,-0.86858,-0.87403,-0.88022,-0.88653,-0.89219,-0.89657,-0.89934,-0.90034,-0.89937,-0.89592,-0.88887,-0.87644,-0.85633,-0.82616,-0.78416,-0.72998,-0.66505,-0.59254,-0.51663,-0.44156,-0.37075,-0.30636,-0.24943,-0.20023,-0.15887,-0.12554,-0.10056,-0.08415,-0.07623,-0.07624,-0.08319,-0.09584,-0.11296,-0.13361,-0.15731,-0.18401,-0.21375,-0.24612,-0.27978,-0.31247,-0.34162,-0.36533,-0.38315,-0.39623,-0.40668,-0.41667,-0.42768,-0.44047,-0.45531,-0.47246,-0.49228,-0.51495,-0.54008,-0.56643,-0.59205,-0.61470,-0.63244,-0.64398,-0.64868
0.68389,0.68890,0.70006,0.71440,0.72817,0.73781,0.74052,0.73456,0.71935,0.69543,0.66444,0.62878,0.59116,0.55378,0.51774,0.48253,0.44606,0.40497,0.35528,0.29327,0.21656,0.12506,0.02141,-0.08940,-0.20135,-0.30894,-0.40838,-0.49776,-0.57639,-0.64389,-0.69971,-0.74333,-0.77492,-0.79585,-0.80874,-0.81700,-0.82390,-0.83181,-0.84169,-0.85315,-0.86491,-0.87548,-0.88369,-0.88895,-0.89108,-0.88999,-0.88522,-0.87560,-0.85915,-0.83328,-0.79541,-0.74389,-0.67886,-0.60282,-0.52038,-0.43731,-0.35925,-0.29052,-0.23350,-0.18879,-0.15565,-0.13274,-0.11857,-0.11182,-0.11131,-0.11595,-0.12473,-0.13671,-0.15112,-0.16749,-0.18577,-0.20636,-0.22995,-0.25712,-0.28771,-0.32044,-0.35288,-0.38218,-0.40606,-0.42376,-0.43620,-0.44548,-0.45396,-0.46348,-0.47518,-0.48962,-0.50717,-0.52810,-0.55243,-0.57957,-0.60811,-0.63591,-0.66056,-0.67995,-0.69261,-0.69778
0.71290,0.71876,0.73196,0.74935,0.76689,0.78060,0.78717,0.78433,0.77104,0.74753,0.71535,0.67712,0.63592,0.59451,0.55457,0.51626,0.47812,0.43746,0.39084,0.33488,0.26713,0.18684,0.09550,-0.00347,-0.10562,-0.20672,-0.30363,-0.39439,-0.47761,-0.55174,-0.61487,-0.66525,-0.70220,-0.72689,-0.74244,-0.75314,-0.76333,-0.77609,-0.79249,-0.81158,-0.83112,-0.84857,-0.86202,-0.87053,-0.87398,-0.87249,-0.86582,-0.85291,-0.83174,-0.79964,-0.75406,-0.69366,-0.61933,-0.53473,-0.44590,-0.36002,-0.28374,-0.22178,-0.17626,-0.14683,-0.13136,-0.12691,-0.13044,-0.13929,-0.15139,-0.16524,-0.17982,-0.19456,-0.20924,-0.22407,-0.23971,-0.25719,-0.27767,-0.30204,-0.33033,-0.36134,-0.39269,-0.42146,-0.44522,-0.46289,-0.47503,-0.48345,-0.49051,-0.49832,-0.50845,-0.52193,-0.53941,-0.56119,-0.58711,-0.61627,-0.64696,-0.67681,-0.70326,-0.72405,-0.73764,-0.74319
0.74784,0.75481,0.77068,0.79199,0.81428,0.83301,0.84425,0.84512,0.83401,0.81083,0.77707,0.73555,0.68980,0.64316,0.59796,0.55499,0.51349,0.47138,0.42589,0.37409,0.31365,0.24351,0.16423,0.07791,-0.01252,-0.10422,-0.19495,-0.28304,-0.36677,-0.44376,-0.51099,-0.56563,-0.60624,-0.63379,-0.65179,-0.66542,-0.68003,-0.69931,-0.72429,-0.75323,-0.78260,-0.80856,-0.82828,-0.84046,-0.84510,-0.84273,-0.83356,-0.81683,-0.79074,-0.75279,-0.70074,-0.63378,-0.55365,-0.46505,-0.37514,-0.29195,-0.22259,-0.17161,-0.14040,-0.12741,-0.12912,-0.14117,-0.15931,-0.18007,-0.20100,-0.22065,-0.23836,-0.25406,-0.26808,-0.28116,-0.29440,-0.30919,-0.32693,-0.34861,-0.37433,-0.40304,-0.43258,-0.46021,-0.48352,-0.50116,-0.51320,-0.52102,-0.52672,-0.53257,-0.54061,-0.55245,-0.56920,-0.59133,-0.61849,-0.64944,-0.68207,-0.71370,-0.74159,-0.76342,-0.77765,-0.78345
0.78780,0.79619,0.81542,0.84162,0.86971,0.89446,0.91118,0.91625,0.90752,0.88456,0.84885,0.80346,0.75243,0.69969,0.64820,0.59940,0.55313,0.50797,0.46175,0.41205,0.35682,0.29489,0.22623,0.15191,0.07358,-0.00714,-0.08896,-0.17070,-0.25064,-0.32600,-0.39316,-0.44859,-0.49035,-0.51926,-0.53917,-0.55600,-0.57588,-0.60293,-0.63790,-0.67799,-0.71823,-0.75334,-0.77950,-0.79512,-0.80045,-0.79660,-0.78443,-0.76378,-0.73332,-0.69101,-0.63515,-0.56560,-0.48483,-0.39829,-0.31359,-0.23895,-0.18117,-0.14414,-0.12830,-0.13097,-0.14755,-0.17269,-0.20147,-0.23010,-0.25619,-0.27866,-0.29739,-0.31285,-0.32584,-0.33745,-0.34899,-0.36192,-0.37762,-0.39701,-0.42019,-0.44630,-0.47351,-0.49948,-0.52197,-0.53944,-0.55146,-0.55880,-0.56320,-0.56694,-0.57249,-0.58212,-0.59749,-0.61931,-0.64716,-0.67942,-0.71354,-0.74649,-0.77533,-0.79774,-0.81226,-0.81816
0.83169,0.84179,0.86507,0.89708,0.93197,0.96360,0.98643,0.99609,0.98984,0.96701,0.92911,0.87957,0.82290,0.76362,0.70525,0.64981,0.59769,0.54809,0.49939,0.44971,0.39733,0.34110,0.28068,0.21644,0.14911,0.07937,0.00773,-0.06514,-0.13777,-0.20743,-0.27041,-0.32300,-0.36313,-0.39162,-0.41257,-0.43241,-0.45770,-0.49267,-0.53755,-0.58845,-0.63889,-0.68229,-0.71396,-0.73210,-0.73733,-0.73150,-0.71628,-0.69231,-0.65898,-0.61493,-0.55914,-0.49210,-0.41679,-0.33881,-0.26554,-0.20455,-0.16172,-0.13997,-0.13879,-0.15479,-0.18273,-0.21691,-0.25223,-0.28498,-0.31313,-0.33610,-0.35438,-0.36896,-0.38102,-0.39182,-0.40268,-0.41487,-0.42951,-0.44728,-0.46822,-0.49166,-0.51625,-0.54016,-0.56145,-0.57849,-0.59042,-0.59737,-0.60060,-0.60232,-0.60533,-0.61247,-0.62598,-0.64689,-0.67473,-0.70759,-0.74248,-0.77604,-0.80518,-0.82763,-0.84205,-0.84788
0.87775,0.88985,0.91779,0.95642,0.99891,1.03810,1.06747,1.08189,1.07815,1.05543,1.01540,0.96181,0.89964,0.83388,0.76851,0.70600,0.64728,0.59208,0.53937,0.48773,0.43582,0.38259,0.32754,0.27062,0.21199,0.15173,0.08985,0.02662,-0.03685,-0.09821,-0.15409,-0.20110,-0.23736,-0.26384,-0.28480,-0.30682,-0.33652,-0.37795,-0.43071,-0.48991,-0.54793,-0.59717,-0.63237,-0.65168,-0.65613,-0.64830,-0.63075,-0.60498,-0.57123,-0.52893,-0.47773,-0.41859,-0.35458,-0.29087,-0.23389,-0.18994,-0.16359,-0.15670,-0.16811,-0.19412,-0.22953,-0.26877,-0.30697,-0.34079,-0.36864,-0.39051,-0.40746,-0.42096,-0.43251,-0.44339,-0.45472,-0.46740,-0.48207,-0.49904,-0.51823,-0.53919,-0.56107,-0.58265,-0.60239,-0.61871,-0.63040,-0.63704,-0.63940,-0.63951,-0.64034,-0.64517,-0.65669,-0.67622,-0.70331,-0.73582,-0.77048,-0.80370,-0.83233,-0.85416,-0.86806,-0.87365
0.92342,0.93775,0.97087,1.01675,1.06743,1.11454,1.15057,1.16970,1.16844,1.14597,1.10420,1.04721,0.98029,0.90868,0.83668,0.76710,0.70135,0.63971,0.58170,0.52641,0.47282,0.42002,0.36743,0.31475,0.26184,0.20850,0.15449,0.09982,0.04526,-0.00735,-0.05524,-0.09564,-0.12708,-0.15072,-0.17077,-0.19361,-0.22559,-0.27037,-0.32703,-0.39010,-0.45140,-0.50287,-0.53908,-0.55823,-0.56174,-0.55274,-0.53452,-0.50939,-0.47835,-0.44159,-0.39929,-0.35262,-0.30430,-0.25856,-0.22044,-0.19460,-0.18422,-0.19025,-0.21124,-0.24370,-0.28289,-0.32377,-0.36199,-0.39463,-0.42059,-0.44039,-0.45560,-0.46813,-0.47970,-0.49157,-0.50449,-0.51880,-0.53454,-0.55155,-0.56957,-0.58838,-0.60763,-0.62673,-0.64464,-0.65997,-0.67129,-0.67778,-0.67975,-0.67898,-0.67843,-0.68155,-0.69129,-0.70915,-0.73472,-0.76580,-0.79902,-0.83072,-0.85784,-0.87834,-0.89128,-0.89645
0.96547,0.98220,1.02085,1.07435,1.13341,1.18835,1.23072,1.25422,1.25531,1.23345,1.19084,1.13179,1.06160,0.98549,0.90781,0.83161,0.75877,0.69016,0.62592,0.56564,0.50861,0.45405,0.40133,0.35001,0.29977,0.25031,0.20133,0.15272,0.10498,0.05945,0.01821,-0.01661,-0.04397,-0.06508,-0.08384,-0.10609,-0.13762,-0.18163,-0.23707,-0.29850,-0.35798,-0.40773,-0.44252,-0.46073,-0.46393,-0.45548,-0.43904,-0.41745,-0.39233,-0.36441,-0.33418,-0.30272,-0.27210,-0.24536,-0.22593,-0.21688,-0.22015,-0.23609,-0.26330,-0.29884,-0.33872,-0.37863,-0.41482,-0.44485,-0.46803,-0.48532,-0.49872,-0.51054,-0.52268,-0.53628,-0.55166,-0.56851,-0.58614,-0.60387,-0.62128,-0.63830,-0.65510,-0.67171,-0.68763,-0.70174,-0.71262,-0.71919,-0.72140,-0.72070,-0.71983,-0.72215,-0.73057,-0.74662,-0.76996,-0.79846,-0.82890,-0.85781,-0.88237,-0.90079,-0.91233,-0.91692
1.00034,1.01953,1.06379,1.12483,1.19184,1.25386,1.30160,1.32866,1.33187,1.31124,1.26933,1.21039,1.13935,1.06096,0.97929,0.89751,0.81798,0.74226,0.67119,0.60495,0.54317,0.48519,0.43033,0.37800,0.32778,0.27931,0.23229,0.18656,0.14243,0.10080,0.06319,0.03119,0.00560,-0.01457,-0.03259,-0.05342,-0.08206,-0.12141,-0.17068,-0.22525,-0.27824,-0.32285,-0.35447,-0.37164,-0.37579,-0.37007,-0.35807,-0.34273,-0.32600,-0.30889,-0.29202,-0.27616,-0.26261,-0.25317,-0.24985,-0.25436,-0.26776,-0.29008,-0.32023,-0.35598,-0.39420,-0.43134,-0.46425,-0.49092,-0.51099,-0.52574,-0.53754,-0.54900,-0.56215,-0.57800,-0.59640,-0.61631,-0.63633,-0.65525,-0.67244,-0.68802,-0.70260,-0.71679,-0.73064,-0.74340,-0.75381,-0.76069,-0.76378,-0.76412,-0.76405,-0.76654,-0.77419,-0.78841,-0.80890,-0.83377,-0.86019,-0.88514,-0.90618,-0.92186,-0.93162,-0.93549
1.02441,1.04596,1.09547,1.16327,1.23697,1.30436,1.35571,1.38501,1.39000,1.37155,1.33255,1.27685,1.20842,1.13097,1.04789,0.96230,0.87703,0.79449,0.71641,0.64364,0.57624,0.51373,0.45533,0.40035,0.34819,0.29840,0.25064,0.20472,0.16074,0.11932,0.08154,0.04869,0.02159,-0.00025,-0.01911,-0.03881,-0.06344,-0.09570,-0.13545,-0.17955,-0.22286,-0.26013,-0.28765,-0.30414,-0.31061,-0.30956,-0.30400,-0.29661,-0.28931,-0.28318,-0.27882,-0.27665,-0.27724,-0.28139,-0.29000,-0.30386,-0.32343,-0.34870,-0.37900,-0.41278,-0.44771,-0.48098,-0.50999,-0.53309,-0.55016,-0.56271,-0.57332,-0.58481,-0.59933,-0.61769,-0.63928,-0.66242,-0.68500,-0.70530,-0.72253,-0.73696,-0.74958,-0.76149,-0.77326,-0.78457,-0.79444,-0.80178,-0.80619,-0.80833,-0.80998,-0.81347,-0.82086,-0.83328,-0.85047,-0.87094,-0.89243,-0.91255,-0.92941,-0.94189,-0.94962,-0.95267
1.03412,1.05767,1.11148,1.18442,1.26253,1.33264,1.38507,1.41486,1.42126,1.40631,1.37310,1.32459,1.26315,1.19082,1.10982,1.02298,0.93361,0.84508,0.76020,0.68074,0.60731,0.53965,0.47697,0.41838,0.36308,0.31043,0.25997,0.21139,0.16466,0.12013,0.07865,0.04136,0.00932,-0.01722,-0.03935,-0.05951,-0.08083,-0.10580,-0.13520,-0.16763,-0.20012,-0.22928,-0.25251,-0.26869,-0.27825,-0.28276,-0.28431,-0.28499,-0.28644,-0.28967,-0.29519,-0.30315,-0.31361,-0.32670,-0.34260,-0.36153,-0.38369,-0.40910,-0.43745,-0.46779,-0.49848,-0.52736,-0.55233,-0.57205,-0.58657,-0.59747,-0.60744,-0.61941,-0.63552,-0.65645,-0.68116,-0.70737,-0.73239,-0.75407,-0.77148,-0.78500,-0.79594,-0.80581,-0.81556,-0.82532,-0.83449,-0.84222,-0.84807,-0.85237,-0.85624,-0.86123,-0.86871,-0.87940,-0.89310,-0.90879,-0.92492,-0.93985,-0.95228,-0.96143,-0.96708,-0.96930
1.02594,1.05087,1.10741,1.18302,1.26240,1.33184,1.38243,1.41092,1.41859,1.40880,1.38466,1.34775,1.29820,1.23575,1.16099,1.07616,0.98497,0.89187,0.80093,0.71504,0.63559,0.56265,0.49545,0.43289,0.37389,0.31756,0.26322,0.21042,0.15895,0.10900,0.06124,0.01681,-0.02293,-0.05691,-0.08498,-0.10818,-0.12853,-0.14829,-0.16902,-0.19108,-0.21361,-0.23514,-0.25426,-0.27009,-0.28248,-0.29200,-0.29974,-0.30701,-0.31505,-0.32476,-0.33656,-0.35047,-0.36630,-0.38382,-0.40286,-0.42335,-0.44537,-0.46899,-0.49413,-0.52028,-0.54636,-0.57078,-0.59190,-0.60867,-0.62123,-0.63117,-0.64112,-0.65399,-0.67187,-0.69525,-0.72277,-0.75168,-0.77883,-0.80176,-0.81944,-0.83234,-0.84199,-0.85012,-0.85801,-0.86615,-0.87435,-0.88213,-0.88915,-0.89547,-0.90158,-0.90816,-0.91582,-0.92484,-0.93511,-0.94608,-0.95698,-0.96692,-0.97514,-0.98118,-0.98490,-0.98636
0.99644,1.02188,1.07906,1.15430,1.23136,1.29670,1.34280,1.36873,1.37805,1.37541,1.36365,1.34257,1.30960,1.26172,1.19751,1.11829,1.02805,0.93230,0.83654,0.74500,0.65998,0.58205,0.51049,0.44401,0.38123,0.32094,0.26222,0.20444,0.14727,0.09076,0.03545,-0.01751,-0.06651,-0.10979,-0.14607,-0.17508,-0.19772,-0.21580,-0.23139,-0.24615,-0.26106,-0.27633,-0.29168,-0.30657,-0.32050,-0.33321,-0.34489,-0.35616,-0.36785,-0.38071,-0.39515,-0.41119,-0.42857,-0.44695,-0.46604,-0.48571,-0.50593,-0.52676,-0.54821,-0.57005,-0.59160,-0.61180,-0.62946,-0.64380,-0.65505,-0.66469,-0.67521,-0.68936,-0.70909,-0.73471,-0.76459,-0.79567,-0.82451,-0.84848,-0.86652,-0.87917,-0.88801,-0.89488,-0.90118,-0.90769,-0.91464,-0.92198,-0.92957,-0.93733,-0.94518,-0.95300,-0.96066,-0.96805,-0.97509,-0.98178,-0.98801,-0.99359,-0.99823,-1.00167,-1.00382,-1.00466
0.94282,0.96775,1.02324,1.09490,1.16633,1.22482,1.26483,1.28802,1.30014,1.30685,1.31038,1.30850,1.29578,1.26629,1.21636,1.14616,1.05973,0.96359,0.86469,0.76869,0.67898,0.59669,0.52124,0.45117,0.38480,0.32061,0.25748,0.19462,0.13162,0.06846,0.00556,-0.05598,-0.11444,-0.16761,-0.21338,-0.25037,-0.27844,-0.29873,-0.31335,-0.32474,-0.33508,-0.34589,-0.35788,-0.37096,-0.38455,-0.39794,-0.41074,-0.42306,-0.43544,-0.44850,-0.46266,-0.47796,-0.49421,-0.51111,-0.52841,-0.54596,-0.56366,-0.58149,-0.59941,-0.61729,-0.63476,-0.65120,-0.66585,-0.67826,-0.68873,-0.69863,-0.71021,-0.72596,-0.74755,-0.77508,-0.80674,-0.83931,-0.86928,-0.89402,-0.91251,-0.92530,-0.93395,-0.94016,-0.94534,-0.95040,-0.95593,-0.96231,-0.96973,-0.97805,-0.98678,-0.99515,-1.00237,-1.00803,-1.01214,-1.01514,-1.01753,-1.01964,-1.02153,-1.02305,-1.02405,-1.02447
0.86374,0.88714,0.93870,1.00406,1.06742,1.11766,1.15157,1.17322,1.19012,1.20837,1.22930,1.24860,1.25814,1.24927,1.21607,1.15746,1.07732,0.98301,0.88286,0.78396,0.69080,0.60509,0.52643,0.45326,0.38363,0.31582,0.24851,0.18090,0.11253,0.04337,-0.02625,-0.09538,-0.16231,-0.22472,-0.28000,-0.32599,-0.36162,-0.38728,-0.40469,-0.41644,-0.42530,-0.43360,-0.44277,-0.45326,-0.46469,-0.47634,-0.48762,-0.49845,-0.50917,-0.52032,-0.53228,-0.54514,-0.55877,-0.57298,-0.58762,-0.60259,-0.61774,-0.63289,-0.64783,-0.66242,-0.67647,-0.68972,-0.70186,-0.71275,-0.72286,-0.73344,-0.74646,-0.76399,-0.78735,-0.81635,-0.84906,-0.88230,-0.91270,-0.93783,-0.95678,-0.97012,-0.97922,-0.98554,-0.99026,-0.99429,-0.99846,-1.00356,-1.01010,-1.01803,-1.02661,-1.03458,-1.04074,-1.04445,-1.04586,-1.04577,-1.04515,-1.04471,-1.04467,-1.04493,-1.04522,-1.04537
0.76034,0.78140,0.82734,0.88461,0.93890,0.98120,1.01063,1.03317,1.05730,1.08896,1.12829,1.16907,1.20091,1.21286,1.19706,1.15121,1.07897,0.98831,0.88877,0.78870,0.69355,0.60560,0.52461,0.44893,0.37649,0.30543,0.23439,0.16257,0.08962,0.01548,-0.05954,-0.13465,-0.20835,-0.27838,-0.34200,-0.39664,-0.44053,-0.47331,-0.49608,-0.51107,-0.52106,-0.52866,-0.53578,-0.54335,-0.55143,-0.55962,-0.56754,-0.57516,-0.58280,-0.59089,-0.59974,-0.60940,-0.61978,-0.63085,-0.64261,-0.65504,-0.66794,-0.68097,-0.69370,-0.70584,-0.71726,-0.72797,-0.73807,-0.74783,-0.75791,-0.76950,-0.78420,-0.80359,-0.82849,-0.85837,-0.89125,-0.92419,-0.95418,-0.97918,-0.99850,-1.01270,-1.02288,-1.03012,-1.03522,-1.03891,-1.04210,-1.04587,-1.05105,-1.05773,-1.06510,-1.07167,-1.07603,-1.07747,-1.07629,-1.07359,-1.07065,-1.06837,-1.06708,-1.06657,-1.06647,-1.06649
0.63703,0.65529,0.69488,0.74370,0.78959,0.82589,0.85371,0.88019,0.91392,0.96007,1.01745,1.07826,1.13042,1.16128,1.16155,1.12798,1.06401,0.97810,0.88072,0.78117,0.68565,0.59680,0.51450,0.43708,0.36240,0.28857,0.21433,0.13898,0.06228,-0.01572,-0.09475,-0.17415,-0.25264,-0.32819,-0.39819,-0.45997,-0.51139,-0.55148,-0.58066,-0.60054,-0.61348,-0.62196,-0.62800,-0.63293,-0.63732,-0.64133,-0.64506,-0.64875,-0.65278,-0.65750,-0.66304,-0.66934,-0.67638,-0.68424,-0.69315,-0.70322,-0.71429,-0.72581,-0.73712,-0.74768,-0.75732,-0.76621,-0.77484,-0.78389,-0.79427,-0.80712,-0.82366,-0.84483,-0.87086,-0.90089,-0.93297,-0.96454,-0.99322,-1.01748,-1.03696,-1.05219,-1.06396,-1.07287,-1.07923,-1.08345,-1.08632,-1.08904,-1.09264,-1.09744,-1.10268,-1.10692,-1.10874,-1.10751,-1.10373,-1.09871,-1.09391,-1.09031,-1.08817,-1.08719,-1.08687,-1.08681
0.50142,0.51702,0.55082,0.59257,0.63247,0.66601,0.69568,0.72895,0.77378,0.83421,0.90777,0.98546,1.05411,1.10006,1.11317,1.08970,1.03306,0.95212,0.85796,0.76045,0.66616,0.57788,0.49548,0.41723,0.34101,0.26505,0.18822,0.11002,0.03038,-0.05053,-0.13240,-0.21462,-0.29610,-0.37507,-0.44920,-0.51594,-0.57310,-0.61938,-0.65463,-0.67979,-0.69660,-0.70708,-0.71310,-0.71617,-0.71735,-0.71744,-0.71712,-0.71703,-0.71767,-0.71926,-0.72171,-0.72484,-0.72860,-0.73329,-0.73940,-0.74726,-0.75678,-0.76730,-0.77789,-0.78771,-0.79643,-0.80432,-0.81216,-0.82104,-0.83213,-0.84649,-0.86489,-0.88761,-0.91421,-0.94353,-0.97379,-1.00301,-1.02954,-1.05250,-1.07188,-1.08818,-1.10186,-1.11301,-1.12142,-1.12702,-1.13033,-1.13246,-1.13454,-1.13706,-1.13951,-1.14065,-1.13927,-1.13500,-1.12854,-1.12137,-1.11500,-1.11036,-1.10759,-1.10626,-1.10577,-1.10566
0.36349,0.37727,0.40732,0.44519,0.48306,0.51790,0.55278,0.59473,0.65070,0.72355,0.80977,0.89964,0.97942,1.03511,1.05637,1.03950,0.98814,0.91155,0.82110,0.72684,0.63528,0.54905,0.46783,0.38982,0.31294,0.23557,0.15684,0.07646,-0.00543,-0.08851,-0.17235,-0.25635,-0.33945,-0.42012,-0.49628,-0.56570,-0.62636,-0.67690,-0.71685,-0.74665,-0.76736,-0.78042,-0.78735,-0.78962,-0.78862,-0.78573,-0.78222,-0.77914,-0.77709,-0.77614,-0.77596,-0.77619,-0.77682,-0.77835,-0.78161,-0.78726,-0.79535,-0.80519,-0.81558,-0.82538,-0.83404,-0.84180,-0.84967,-0.85906,-0.87133,-0.88742,-0.90759,-0.93142,-0.95789,-0.98564,-1.01319,-1.03929,-1.06311,-1.08444,-1.10356,-1.12090,-1.13660,-1.15029,-1.16121,-1.16881,-1.17320,-1.17522,-1.17597,-1.17607,-1.17532,-1.17282,-1.16779,-1.16019,-1.15099,-1.14178,-1.13404,-1.12857,-1.12533,-1.12374,-1.12311,-1.12294
0.23403,0.24740,0.27704,0.31563,0.35643,0.39686,0.43963,0.49082,0.55630,0.63804,0.73200,0.82816,0.91279,0.97205,0.99600,0.98149,0.93272,0.85926,0.77254,0.68233,0.59472,0.51186,0.43309,0.35642,0.27982,0.20186,0.12192,0.03999,-0.04357,-0.12826,-0.21351,-0.29860,-0.38247,-0.46364,-0.54028,-0.61045,-0.67246,-0.72512,-0.76795,-0.80106,-0.82503,-0.84072,-0.84916,-0.85164,-0.84969,-0.84510,-0.83963,-0.83466,-0.83086,-0.82813,-0.82588,-0.82355,-0.82119,-0.81956,-0.81989,-0.82321,-0.82984,-0.83910,-0.84963,-0.85998,-0.86933,-0.87783,-0.88659,-0.89722,-0.91115,-0.92909,-0.95079,-0.97517,-1.00075,-1.02615,-1.05038,-1.07301,-1.09402,-1.11374,-1.13265,-1.15101,-1.16866,-1.18480,-1.19828,-1.20807,-1.21385,-1.21610,-1.21574,-1.21348,-1.20938,-1.20302,-1.19411,-1.18306,-1.17114,-1.16004,-1.15116,-1.14510,-1.14160,-1.13990,-1.13922,-1.13902
0.12250,0.13718,0.17027,0.21464,0.26337,0.31312,0.36536,0.42500,0.49705,0.58312,0.67920,0.77551,0.85868,0.91551,0.93693,0.92072,0.87180,0.80005,0.71666,0.63084,0.54795,0.46943,0.39411,0.31976,0.24430,0.16650,0.08600,0.00309,-0.08165,-0.16751,-0.25378,-0.33958,-0.42373,-0.50475,-0.58093,-0.65058,-0.71233,-0.76532,-0.80923,-0.84413,-0.87033,-0.88822,-0.89839,-0.90181,-0.90001,-0.89497,-0.88879,-0.88306,-0.87847,-0.87473,-0.87096,-0.86647,-0.86135,-0.85665,-0.85400,-0.85489,-0.85995,-0.86862,-0.87943,-0.89070,-0.90131,-0.91128,-0.92168,-0.93417,-0.95010,-0.96989,-0.99274,-1.01705,-1.04106,-1.06359,-1.08430,-1.10356,-1.12210,-1.14063,-1.15958,-1.17900,-1.19838,-1.21661,-1.23225,-1.24397,-1.25106,-1.25363,-1.25235,-1.24788,-1.24056,-1.23041,-1.21769,-1.20329,-1.18883,-1.17609,-1.16638,-1.16006,-1.15660,-1.15504,-1.15447,-1.15433
0.03520,0.05266,0.09242,0.14660,0.20691,0.26820,0.33020,0.39654,0.47179,0.55776,0.65096,0.74226,0.81899,0.86884,0.88387,0.86297,0.81183,0.74052,0.65985,0.57826,0.50023,0.42641,0.35505,0.28357,0.20985,0.13277,0.05224,-0.03120,-0.11669,-0.20337,-0.29035,-0.37660,-0.46083,-0.54146,-0.61681,-0.68534,-0.74594,-0.79810,-0.84177,-0.87717,-0.90452,-0.92396,-0.93570,-0.94041,-0.93947,-0.93492,-0.92901,-0.92343,-0.91882,-0.91468,-0.90993,-0.90372,-0.89619,-0.88868,-0.88321,-0.88172,-0.88518,-0.89321,-0.90431,-0.91662,-0.92880,-0.94065,-0.95315,-0.96784,-0.98588,-1.00731,-1.03088,-1.05458,-1.07661,-1.09615,-1.11355,-1.12998,-1.14672,-1.16464,-1.18403,-1.20454,-1.22534,-1.24510,-1.26226,-1.27533,-1.28335,-1.28612,-1.28402,-1.27763,-1.26744,-1.25388,-1.23771,-1.22033,-1.20366,-1.18963,-1.17945,-1.17322,-1.17014,-1.16900,-1.16876,-1.16875
-0.02574,-0.00484,0.04297,0.10842,0.18123,0.25402,0.32461,0.39555,0.47127,0.55417,0.64158,0.72517,0.79312,0.83408,0.84120,0.81443,0.76014,0.68846,0.60978,0.53176,0.45803,0.38851,0.32089,0.25227,0.18043,0.10432,0.02406,-0.05957,-0.14550,-0.23269,-0.32012,-0.40665,-0.49087,-0.57112,-0.64567,-0.71305,-0.77231,-0.82319,-0.86596,-0.90105,-0.92876,-0.94909,-0.96203,-0.96797,-0.96814,-0.96453,-0.95940,-0.95446,-0.95027,-0.94615,-0.94083,-0.93337,-0.92395,-0.91413,-0.90628,-0.90272,-0.90474,-0.91214,-0.92346,-0.93673,-0.95042,-0.96416,-0.97876,-0.99556,-1.01549,-1.03822,-1.06211,-1.08495,-1.10500,-1.12186,-1.13657,-1.15093,-1.16659,-1.18448,-1.20455,-1.22610,-1.24796,-1.26869,-1.28668,-1.30047,-1.30896,-1.31173,-1.30893,-1.30101,-1.28853,-1.27222,-1.25326,-1.23348,-1.21512,-1.20019,-1.18983,-1.18395,-1.18146,-1.18093,-1.18113,-1.18132
-0.06167,-0.03783,0.01676,0.09154,0.17439,0.25600,0.33268,0.40622,0.48113,0.56039,0.64208,0.71860,0.77882,0.81215,0.81261,0.78089,0.72382,0.65156,0.57411,0.49855,0.42788,0.36149,0.29666,0.23023,0.15988,0.08462,0.00467,-0.07898,-0.16512,-0.25258,-0.34025,-0.42693,-0.51112,-0.59111,-0.66511,-0.73164,-0.78986,-0.83966,-0.88152,-0.91608,-0.94373,-0.96446,-0.97813,-0.98498,-0.98607,-0.98333,-0.97899,-0.97472,-0.97101,-0.96707,-0.96148,-0.95324,-0.94258,-0.93119,-0.92169,-0.91666,-0.91762,-0.92454,-0.93599,-0.94995,-0.96478,-0.97996,-0.99616,-1.01455,-1.03583,-1.05940,-1.08339,-1.10545,-1.12396,-1.13892,-1.15182,-1.16492,-1.18010,-1.19821,-1.21896,-1.24130,-1.26384,-1.28506,-1.30340,-1.31743,-1.32606,-1.32873,-1.32541,-1.31645,-1.30244,-1.28429,-1.26346,-1.24209,-1.22261,-1.20717,-1.19682,-1.19132,-1.18939,-1.18942,-1.19003,-1.19039
-0.07539,-0.05017,0.00761,0.08671,0.17414,0.25970,0.33898,0.41349,0.48777,0.56510,0.64396,0.71707,0.77361,0.80336,0.80071,0.76670,0.70831,0.63573,0.55877,0.48426,0.41490,0.34987,0.28626,0.22081,0.15114,0.07627,-0.00351,-0.08715,-0.17335,-0.26091,-0.34867,-0.43539,-0.51958,-0.59946,-0.67323,-0.73940,-0.79716,-0.84647,-0.88788,-0.92214,-0.94969,-0.97055,-0.98451,-0.99174,-0.99325,-0.99093,-0.98697,-0.98305,-0.97959,-0.97575,-0.97008,-0.96153,-0.95035,-0.93830,-0.92810,-0.92244,-0.92295,-0.92965,-0.94115,-0.95540,-0.97073,-0.98656,-1.00346,-1.02256,-1.04442,-1.06834,-1.09233,-1.11401,-1.13184,-1.14597,-1.15813,-1.17075,-1.18579,-1.20406,-1.22514,-1.24784,-1.27066,-1.29204,-1.31046,-1.32454,-1.33318,-1.33577,-1.33222,-1.32282,-1.30818,-1.28926,-1.26766,-1.24562,-1.22570,-1.21005,-1.19974,-1.19444,-1.19279,-1.19309,-1.19390,-1.19435
