"# Yosemite Valley; 37.7450,-119.5900; raw range 796–3262 m; blur 12"
-0.08348,-0.07875,-0.06794,-0.05333,-0.03784,-0.02405,-0.01331,-0.00546,0.00081,0.00701,0.01421,0.02287,0.03339,0.04648,0.06317,0.08413,0.10896,0.13593,0.16253,0.18649,0.20693,0.22481,0.24267,0.26367,0.29038,0.32377,0.36286,0.40508,0.44711,0.48587,0.51925,0.54631,0.56730,0.58340,0.59642,0.60848,0.62163,0.63746,0.65680,0.67967,0.70547,0.73326,0.76194,0.79018,0.81605,0.83681,0.84909,0.84982,0.83766,0.81426,0.78469,0.75660,0.73817,0.73583,0.75250,0.78705,0.83521,0.89134,0.95030,1.00874,1.06521,1.11949,1.17140,1.22004,1.26371,1.30055,1.32913,1.34849,1.35754,1.35430,1.33619,1.30138,1.25078,1.18907,1.12396,1.06369,1.01429,0.97790,0.95303,0.93630,0.92461,0.91647,0.91212,0.91274,0.91921,0.93143,0.94815,0.96731,0.98636,1.00260,1.01370,1.01835,1.01692,1.01167,1.00599,1.00309
-0.07686,-0.07213,-0.06132,-0.04671,-0.03122,-0.01740,-0.00664,0.00121,0.00740,0.01340,0.02019,0.02823,0.03789,0.04994,0.06550,0.08536,0.10927,0.13563,0.16203,0.18629,0.20751,0.22653,0.24568,0.26782,0.29521,0.32867,0.36720,0.40840,0.44924,0.48693,0.51958,0.54638,0.56753,0.58411,0.59772,0.61032,0.62379,0.63967,0.65885,0.68147,0.70704,0.73467,0.76322,0.79122,0.81663,0.83659,0.84778,0.84727,0.83397,0.80975,0.77985,0.75191,0.73396,0.73219,0.74925,0.78386,0.83177,0.88748,0.94609,1.00438,1.06098,1.11563,1.16810,1.21745,1.26201,1.29983,1.32935,1.34940,1.35865,1.35507,1.33619,1.30049,1.24920,1.18726,1.12242,1.06285,1.01439,0.97900,0.95505,0.93916,0.92824,0.92091,0.91754,0.91932,0.92708,0.94054,0.95826,0.97802,0.99723,1.01329,1.02402,1.02829,1.02661,1.02124,1.01555,1.01266
-0.06256,-0.05778,-0.04687,-0.03213,-0.01650,-0.00255,0.00831,0.01618,0.02221,0.02774,0.03364,0.04028,0.04806,0.05785,0.07095,0.08844,0.11035,0.13543,0.16152,0.18663,0.20982,0.23164,0.25386,0.27863,0.30757,0.34107,0.37818,0.41690,0.45486,0.48997,0.52086,0.54696,0.56845,0.58609,0.60109,0.61491,0.62914,0.64518,0.66400,0.68598,0.71088,0.73794,0.76594,0.79316,0.81722,0.83514,0.84366,0.84025,0.82437,0.79844,0.76803,0.74077,0.72432,0.72425,0.74257,0.77763,0.82515,0.88003,0.93786,0.99584,1.05276,1.10830,1.16209,1.21311,1.25960,1.29950,1.33090,1.35215,1.36147,1.35672,1.33579,1.29788,1.24499,1.18258,1.11852,1.06072,1.01457,0.98160,0.95988,0.94593,0.93680,0.93136,0.93026,0.93479,0.94560,0.96204,0.98219,1.00346,1.02317,1.03888,1.04882,1.05225,1.04997,1.04433,1.03859,1.03572
-0.04552,-0.04055,-0.02922,-0.01396,0.00220,0.01660,0.02778,0.03577,0.04161,0.04653,0.05127,0.05617,0.06163,0.06866,0.07879,0.09340,0.11296,0.13664,0.16273,0.18945,0.21579,0.24183,0.26850,0.29693,0.32783,0.36112,0.39592,0.43087,0.46454,0.49582,0.52404,0.54901,0.57083,0.58987,0.60673,0.62228,0.63758,0.65383,0.67207,0.69297,0.71661,0.74237,0.76896,0.79436,0.81591,0.83045,0.83495,0.82745,0.80818,0.78033,0.74993,0.72453,0.71119,0.71451,0.73551,0.77191,0.81944,0.87346,0.93035,0.98794,1.04533,1.10215,1.15782,1.21109,1.26004,1.30231,1.33553,1.35742,1.36576,1.35845,1.33400,1.29268,1.23756,1.17473,1.11211,1.05718,1.01463,0.98532,0.96689,0.95572,0.94909,0.94629,0.94839,0.95686,0.97213,0.99298,1.01683,1.04054,1.06125,1.07676,1.08579,1.08816,1.08509,1.07907,1.07324,1.07039
-0.03206,-0.02665,-0.01435,0.00216,0.01956,0.03501,0.04693,0.05529,0.06108,0.06544,0.06912,0.07245,0.07590,0.08059,0.08822,0.10045,0.11817,0.14106,0.16788,0.19713,0.22766,0.25892,0.29079,0.32322,0.35597,0.38851,0.42017,0.45038,0.47881,0.50542,0.53036,0.55379,0.57576,0.59619,0.61502,0.63239,0.64880,0.66516,0.68252,0.70177,0.72327,0.74660,0.77043,0.79259,0.81020,0.82012,0.81967,0.80756,0.78493,0.75582,0.72671,0.70500,0.69692,0.70580,0.73140,0.77061,0.81904,0.87264,0.92869,0.98587,1.04374,1.10194,1.15965,1.21526,1.26648,1.31049,1.34436,1.36525,1.37069,1.35891,1.32940,1.28372,1.22611,1.16325,1.10294,1.05197,1.01414,0.98946,0.97503,0.96713,0.96334,0.96354,0.96934,0.98245,1.00308,1.02935,1.05789,1.08494,1.10740,1.12326,1.13172,1.13322,1.12945,1.12308,1.11720,1.11437
-0.02820,-0.02202,-0.00802,0.01069,0.03033,0.04770,0.06106,0.07029,0.07638,0.08055,0.08363,0.08610,0.08855,0.09215,0.09868,0.10995,0.12716,0.15046,0.17908,0.21175,0.24712,0.28392,0.32094,0.35698,0.39093,0.42200,0.44990,0.47490,0.49778,0.51952,0.54098,0.56265,0.58450,0.60599,0.62641,0.64522,0.66234,0.67836,0.69425,0.71103,0.72928,0.74875,0.76820,0.78548,0.79778,0.80217,0.79641,0.77997,0.75487,0.72593,0.69999,0.68415,0.68365,0.70038,0.73265,0.77636,0.82694,0.88087,0.93640,0.99315,1.05129,1.11060,1.17000,1.22745,1.28006,1.32440,1.35694,1.37447,1.37463,1.35638,1.32048,1.26992,1.21001,1.14781,1.09074,1.04471,1.01242,0.99296,0.98287,0.97837,0.97746,0.98071,0.99036,1.00838,1.03474,1.06693,1.10082,1.13202,1.15714,1.17427,1.18302,1.18434,1.18037,1.17399,1.16823,1.16550
-0.03816,-0.03089,-0.01443,0.00751,0.03051,0.05087,0.06656,0.07739,0.08441,0.08903,0.09235,0.09510,0.09804,0.10239,0.10984,0.12219,0.14075,0.16599,0.19751,0.23421,0.27447,0.31635,0.35764,0.39621,0.43036,0.45927,0.48315,0.50313,0.52092,0.53830,0.55668,0.57672,0.59821,0.62020,0.64141,0.66070,0.67756,0.69227,0.70571,0.71895,0.73267,0.74680,0.76032,0.77131,0.77729,0.77575,0.76503,0.74529,0.71928,0.69244,0.67175,0.66387,0.67295,0.69938,0.74000,0.78973,0.84371,0.89888,0.95434,1.01067,1.06870,1.12847,1.18873,1.24692,1.29945,1.34220,1.37109,1.38282,1.37551,1.34921,1.30615,1.25071,1.18906,1.12835,1.07535,1.03490,1.00854,0.99443,0.98864,0.98745,0.98935,0.99564,1.00916,1.03208,1.06413,1.10227,1.14173,1.17765,1.20636,1.22594,1.23623,1.23855,1.23534,1.22965,1.22444,1.22197
-0.06324,-0.05462,-0.03510,-0.00908,0.01828,0.04263,0.06157,0.07483,0.08358,0.08951,0.09411,0.09851,0.10367,0.11079,0.12138,0.13699,0.15886,0.18754,0.22282,0.26364,0.30819,0.35393,0.39798,0.43758,0.47083,0.49712,0.51723,0.53306,0.54699,0.56131,0.57765,0.59661,0.61769,0.63953,0.66036,0.67868,0.69372,0.70562,0.71526,0.72368,0.73164,0.73921,0.74567,0.74952,0.74881,0.74162,0.72688,0.70536,0.68038,0.65767,0.64414,0.64581,0.66570,0.70279,0.75263,0.80929,0.86762,0.92488,0.98084,1.03687,1.09440,1.15377,1.21362,1.27095,1.32152,1.36053,1.38359,1.38753,1.37128,1.33621,1.28602,1.22628,1.16371,1.10524,1.05681,1.02208,1.00149,0.99240,0.99058,0.99254,0.99736,1.00696,1.02456,1.05238,1.08986,1.13356,1.17835,1.21914,1.25210,1.27528,1.28854,1.29333,1.29220,1.28820,1.28419,1.28223
-0.10139,-0.09130,-0.06845,-0.03790,-0.00562,0.02336,0.04625,0.06262,0.07381,0.08191,0.08886,0.09622,0.10518,0.11689,0.13255,0.15334,0.18017,0.21345,0.25291,0.29747,0.34511,0.39301,0.43794,0.47700,0.50842,0.53203,0.54920,0.56238,0.57434,0.58752,0.60339,0.62224,0.64309,0.66412,0.68322,0.69875,0.70999,0.71723,0.72147,0.72383,0.72509,0.72544,0.72442,0.72104,0.71396,0.70192,0.68449,0.66295,0.64093,0.62419,0.61927,0.63134,0.66230,0.70994,0.76885,0.83251,0.89563,0.95564,1.01272,1.06869,1.12541,1.18342,1.24135,1.29587,1.34230,1.37547,1.39090,1.38588,1.36030,1.31681,1.26038,1.19743,1.13489,1.07920,1.03536,1.00593,0.99039,0.98561,0.98737,0.99258,1.00089,1.01459,1.03696,1.06991,1.11250,1.16106,1.21045,1.25570,1.29309,1.32063,1.33810,1.34679,1.34910,1.34789,1.34580,1.34465
-0.14753,-0.13605,-0.11001,-0.07508,-0.03797,-0.00434,0.02259,0.04230,0.05634,0.06716,0.07723,0.08850,0.10236,0.11988,0.14192,0.16917,0.20206,0.24062,0.28430,0.33186,0.38118,0.42939,0.47338,0.51055,0.53962,0.56097,0.57651,0.58901,0.60131,0.61558,0.63285,0.65276,0.67370,0.69333,0.70933,0.72016,0.72551,0.72618,0.72352,0.71886,0.71298,0.70612,0.69799,0.68801,0.67544,0.65971,0.64101,0.62109,0.60370,0.59436,0.59888,0.62146,0.66286,0.72000,0.78690,0.85685,0.92461,0.98771,1.04643,1.10263,1.15824,1.21388,1.26816,1.31770,1.35772,1.38313,1.38974,1.37553,1.34134,1.29085,1.22987,1.16522,1.10367,1.05103,1.01138,0.98634,0.97481,0.97354,0.97866,0.98769,1.00070,1.02000,1.04835,1.08695,1.13437,1.18685,1.23965,1.28835,1.32967,1.36171,1.38407,1.39765,1.40444,1.40689,1.40727,1.40716
-0.19476,-0.18215,-0.15351,-0.11499,-0.07390,-0.03642,-0.00609,0.01654,0.03323,0.04682,0.06022,0.07568,0.09479,0.11850,0.14738,0.18164,0.22110,0.26522,0.31295,0.36273,0.41239,0.45932,0.50093,0.53535,0.56204,0.58204,0.59763,0.61163,0.62659,0.64416,0.66458,0.68666,0.70800,0.72571,0.73736,0.74181,0.73947,0.73197,0.72132,0.70915,0.69631,0.68289,0.66862,0.65316,0.63628,0.61808,0.59941,0.58244,0.57094,0.56989,0.58416,0.61672,0.66733,0.73227,0.80546,0.88043,0.95220,1.01834,1.07890,1.13539,1.18942,1.24147,1.29021,1.33250,1.36397,1.38008,1.37739,1.35468,1.31358,1.25836,1.19511,1.13054,1.07095,1.02144,0.98530,0.96358,0.95503,0.95670,0.96546,0.97948,0.99903,1.02590,1.06179,1.10674,1.15865,1.21390,1.26852,1.31911,1.36316,1.39909,1.42624,1.44498,1.45663,1.46305,1.46609,1.46709
-0.23603,-0.22271,-0.19243,-0.15168,-0.10817,-0.06839,-0.03605,-0.01161,0.00690,0.02267,0.03890,0.05812,0.08197,0.11142,0.14680,0.18791,0.23398,0.28366,0.33521,0.38661,0.43566,0.48024,0.51863,0.55003,0.57486,0.59478,0.61224,0.62983,0.64952,0.67214,0.69702,0.72200,0.74384,0.75916,0.76554,0.76243,0.75122,0.73461,0.71550,0.69592,0.67672,0.65780,0.63867,0.61905,0.59907,0.57951,0.56190,0.54885,0.54403,0.55169,0.57549,0.61712,0.67534,0.74612,0.82369,0.90215,0.97695,1.04563,1.10774,1.16410,1.21567,1.26266,1.30388,1.33678,1.35792,1.36382,1.35211,1.32242,1.27683,1.21968,1.15671,1.09407,1.03736,0.99098,0.95773,0.93846,0.93222,0.93685,0.95011,0.97080,0.99903,1.03554,1.08040,1.13216,1.18801,1.24463,1.29921,1.34973,1.39482,1.43334,1.46440,1.48770,1.50376,1.51377,1.51918,1.52114
-0.26592,-0.25240,-0.22170,-0.18046,-0.13653,-0.09652,-0.06405,-0.03942,-0.02040,-0.00356,0.01448,0.03635,0.06383,0.09792,0.13890,0.18624,0.23853,0.29357,0.34872,0.40136,0.44931,0.49106,0.52607,0.55480,0.57872,0.60002,0.62111,0.64401,0.66988,0.69861,0.72855,0.75660,0.77879,0.79134,0.79199,0.78086,0.76045,0.73464,0.70724,0.68078,0.65610,0.63280,0.61005,0.58745,0.56547,0.54547,0.52971,0.52121,0.52345,0.53979,0.57253,0.62197,0.68608,0.76075,0.84081,0.92121,0.99786,1.06820,1.13107,1.18631,1.23412,1.27437,1.30624,1.32810,1.33784,1.33345,1.31379,1.27922,1.23192,1.17572,1.11553,1.05653,1.00350,0.96032,0.92957,0.91237,0.90847,0.91673,0.93589,0.96512,1.00396,1.05159,1.10613,1.16451,1.22327,1.27963,1.33218,1.38058,1.42475,1.46411,1.49758,1.52412,1.54341,1.55600,1.56305,1.56565
-0.28181,-0.26863,-0.23877,-0.19887,-0.15668,-0.11861,-0.08802,-0.06492,-0.04685,-0.03024,-0.01167,0.01155,0.04130,0.07872,0.12413,0.17677,0.23460,0.29450,0.35287,0.40647,0.45313,0.49212,0.52417,0.55108,0.57533,0.59946,0.62557,0.65490,0.68764,0.72269,0.75753,0.78830,0.81048,0.82007,0.81506,0.79629,0.76726,0.73294,0.69800,0.66543,0.63609,0.60927,0.58382,0.55920,0.53608,0.51643,0.50316,0.49962,0.50899,0.53359,0.57428,0.63008,0.69827,0.77497,0.85584,0.93669,1.01393,1.08474,1.14712,1.19988,1.24242,1.27444,1.29568,1.30570,1.30399,1.29018,1.26433,1.22731,1.18101,1.12833,1.07294,1.01890,0.97019,0.93035,0.90212,0.88724,0.88642,0.89959,0.92625,0.96558,1.01610,1.07517,1.13889,1.20272,1.26279,1.31708,1.36572,1.41009,1.45144,1.48978,1.52383,1.55186,1.57276,1.58656,1.59428,1.59711
-0.28413,-0.27177,-0.24391,-0.20697,-0.16840,-0.13417,-0.10719,-0.08710,-0.07120,-0.05590,-0.03784,-0.01432,0.01662,0.05626,0.10499,0.16182,0.22415,0.28795,0.34878,0.40286,0.44817,0.48481,0.51472,0.54099,0.56687,0.59502,0.62697,0.66308,0.70253,0.74334,0.78229,0.81507,0.83685,0.84361,0.83363,0.80833,0.77205,0.73054,0.68916,0.65127,0.61782,0.58796,0.56032,0.53428,0.51075,0.49218,0.48200,0.48372,0.50002,0.53211,0.57943,0.63987,0.71032,0.78731,0.86740,0.94732,1.02382,1.09373,1.15418,1.20301,1.23900,1.26189,1.27214,1.27070,1.25868,1.23722,1.20743,1.17039,1.12739,1.08011,1.03086,0.98254,0.93850,0.90223,0.87694,0.86519,0.86870,0.88829,0.92382,0.97399,1.03598,1.10532,1.17634,1.24345,1.30275,1.35316,1.39632,1.43518,1.47216,1.50779,1.54062,1.56834,1.58917,1.60281,1.61025,1.61291
-0.27575,-0.26458,-0.23956,-0.20678,-0.17318,-0.14411,-0.12188,-0.10568,-0.09265,-0.07920,-0.06207,-0.03868,-0.00706,0.03415,0.08528,0.14512,0.21051,0.27675,0.33875,0.39253,0.43636,0.47116,0.49998,0.52684,0.55547,0.58833,0.62628,0.66871,0.71393,0.75930,0.80125,0.83523,0.85640,0.86087,0.84716,0.81709,0.77545,0.72846,0.68184,0.63928,0.60195,0.56909,0.53937,0.51228,0.48896,0.47221,0.46573,0.47291,0.49574,0.53425,0.58661,0.64981,0.72064,0.79622,0.87408,0.95172,1.02613,1.09372,1.15082,1.19450,1.22320,1.23690,1.23698,1.22565,1.20550,1.17890,1.14762,1.11270,1.07463,1.03383,0.99127,0.94887,0.90960,0.87715,0.85543,0.84791,0.85717,0.88449,0.92957,0.99019,1.06208,1.13912,1.21445,1.28202,1.33832,1.38332,1.41995,1.45243,1.48406,1.51572,1.54586,1.57173,1.59112,1.60351,1.60997,1.61218
-0.26090,-0.25111,-0.22937,-0.20135,-0.17338,-0.15007,-0.13304,-0.12100,-0.11087,-0.09912,-0.08266,-0.05911,-0.02663,0.01597,0.06884,0.13043,0.19717,0.26395,0.32549,0.37790,0.42000,0.45349,0.48224,0.51078,0.54289,0.58058,0.62393,0.67152,0.72101,0.76945,0.81315,0.84769,0.86838,0.87149,0.85572,0.82299,0.77814,0.72745,0.67677,0.63003,0.58877,0.55264,0.52069,0.49273,0.47016,0.45596,0.45376,0.46650,0.49527,0.53893,0.59455,0.65860,0.72799,0.80058,0.87482,0.94887,1.01983,1.08372,1.13624,1.17397,1.19528,1.20064,1.19230,1.17360,1.14821,1.11927,1.08888,1.05776,1.02555,0.99155,0.95560,0.91891,0.88431,0.85592,0.83844,0.83619,0.85228,0.88800,0.94239,1.01201,1.09114,1.17252,1.24870,1.31383,1.36519,1.40376,1.43350,1.45942,1.48533,1.51235,1.53886,1.56188,1.57895,1.58947,1.59461,1.59625
-0.24411,-0.23571,-0.21728,-0.19405,-0.17169,-0.15405,-0.14204,-0.13384,-0.12612,-0.11539,-0.09879,-0.07426,-0.04034,0.00379,0.05789,0.12003,0.18638,0.25180,0.31121,0.36125,0.40143,0.43413,0.46366,0.49463,0.53046,0.57249,0.62006,0.67117,0.72316,0.77309,0.81748,0.85221,0.87285,0.87583,0.85984,0.82660,0.78064,0.72793,0.67421,0.62365,0.57828,0.53849,0.50405,0.47530,0.45394,0.44291,0.44543,0.46367,0.49765,0.54509,0.60227,0.66537,0.73170,0.79990,0.86927,0.93849,1.00471,1.06363,1.11059,1.14197,1.15635,1.15479,1.14035,1.11722,1.08966,1.06114,1.03367,1.00751,0.98153,0.95410,0.92430,0.89289,0.86279,0.83865,0.82593,0.82959,0.85296,0.89693,0.95950,1.03590,1.11920,1.20146,1.27531,1.33565,1.38075,1.41256,1.43569,1.45551,1.47599,1.49832,1.52087,1.54061,1.55504,1.56353,1.56734,1.56843
-0.22955,-0.22241,-0.20695,-0.18803,-0.17071,-0.15813,-0.15050,-0.14545,-0.13936,-0.12876,-0.11106,-0.08464,-0.04862,-0.00277,0.05214,0.11384,0.17843,0.24103,0.29717,0.34429,0.38264,0.41512,0.44611,0.47987,0.51914,0.56453,0.61476,0.66755,0.72028,0.77032,0.81460,0.84943,0.87065,0.87477,0.86026,0.82840,0.78309,0.72976,0.67387,0.61978,0.57019,0.52645,0.48929,0.45981,0.43998,0.43251,0.43995,0.46344,0.50181,0.55178,0.60902,0.66973,0.73172,0.79442,0.85785,0.92110,0.98139,1.03427,1.07492,1.09985,1.10806,1.10123,1.08312,1.05840,1.03150,1.00576,0.98277,0.96223,0.94240,0.92105,0.89679,0.87024,0.84449,0.82472,0.81699,0.82668,0.85706,0.90834,0.97737,1.05812,1.14273,1.22304,1.29226,1.34631,1.38463,1.40997,1.42728,1.44193,1.45776,1.47588,1.49467,1.51123,1.52313,1.52979,1.53248,1.53311
-0.22069,-0.21457,-0.20152,-0.18611,-0.17290,-0.16444,-0.16027,-0.15752,-0.15226,-0.14101,-0.12145,-0.09254,-0.05405,-0.00646,0.04893,0.10958,0.17170,0.23092,0.28357,0.32799,0.36511,0.39807,0.43102,0.46755,0.50959,0.55703,0.60825,0.66096,0.71293,0.76200,0.80568,0.84068,0.86309,0.86938,0.85764,0.82850,0.78508,0.73212,0.67476,0.61752,0.56383,0.51612,0.47624,0.44611,0.42798,0.42423,0.43653,0.46482,0.50676,0.55818,0.61438,0.67170,0.72849,0.78491,0.84154,0.89782,0.95111,0.99701,1.03083,1.04941,1.05231,1.04186,1.02229,0.99842,0.97448,0.95328,0.93577,0.92108,0.90704,0.89114,0.87185,0.84982,0.82834,0.81298,0.81020,0.82558,0.86214,0.91934,0.99296,1.07588,1.15965,1.23619,1.29950,1.34672,1.37838,1.39792,1.41044,1.42106,1.43329,1.44801,1.46365,1.47745,1.48719,1.49238,1.49422,1.49454
-0.22017,-0.21479,-0.20352,-0.19068,-0.18048,-0.17498,-0.17323,-0.17188,-0.16674,-0.15433,-0.13264,-0.10115,-0.06030,-0.01120,0.04440,0.10385,0.16361,0.21992,0.26992,0.31272,0.34971,0.38402,0.41929,0.45829,0.50215,0.55024,0.60086,0.65204,0.70210,0.74951,0.79231,0.82760,0.85160,0.86062,0.85228,0.82649,0.78557,0.73355,0.67525,0.61539,0.55809,0.50682,0.46456,0.43403,0.41775,0.41769,0.43455,0.46708,0.51183,0.56389,0.61831,0.67167,0.72280,0.77239,0.82152,0.86995,0.91529,0.95341,0.98003,0.99253,0.99108,0.97854,0.95942,0.93839,0.91910,0.90357,0.89199,0.88299,0.87415,0.86299,0.84812,0.83031,0.81305,0.80211,0.80412,0.82464,0.86638,0.92809,1.00464,1.08814,1.16973,1.24163,1.29869,1.33918,1.36468,1.37920,1.38791,1.39559,1.40526,1.41751,1.43073,1.44235,1.45038,1.45444,1.45567,1.45579
-0.22970,-0.22481,-0.21470,-0.20350,-0.19517,-0.19139,-0.19087,-0.18995,-0.18430,-0.17049,-0.14680,-0.11314,-0.07048,-0.02035,0.03528,0.09376,0.15193,0.20659,0.25555,0.29841,0.33673,0.37332,0.41113,0.45213,0.49678,0.54423,0.59296,0.64154,0.68896,0.73433,0.77615,0.81176,0.83741,0.84916,0.84416,0.82161,0.78313,0.73219,0.67338,0.61160,0.55156,0.49766,0.45382,0.42348,0.40932,0.41288,0.43392,0.47008,0.51695,0.56904,0.62127,0.67038,0.71559,0.75798,0.79899,0.83874,0.87526,0.90495,0.92419,0.93104,0.92630,0.91322,0.89627,0.87964,0.86616,0.85684,0.85111,0.84720,0.84273,0.83550,0.82444,0.81056,0.79747,0.79095,0.79761,0.82284,0.86896,0.93412,1.01249,1.09557,1.17436,1.24141,1.29237,1.32655,1.34644,1.35660,1.36224,1.36778,1.37575,1.38634,1.39784,1.40782,1.41453,1.41772,1.41852,1.41850
-0.24992,-0.24532,-0.23584,-0.22545,-0.21783,-0.21445,-0.21382,-0.21221,-0.20533,-0.18993,-0.16455,-0.12942,-0.08575,-0.03521,0.02023,0.07816,0.13577,0.19036,0.24015,0.28492,0.32601,0.36570,0.40614,0.44859,0.49311,0.53886,0.58479,0.63014,0.67459,0.71780,0.75859,0.79441,0.82143,0.83543,0.83309,0.81307,0.77645,0.72639,0.66736,0.60447,0.54292,0.48777,0.44366,0.41449,0.40301,0.41026,0.43517,0.47439,0.52277,0.57439,0.62409,0.66878,0.70788,0.74274,0.77506,0.80538,0.83233,0.85312,0.86500,0.86687,0.86008,0.84803,0.83484,0.82387,0.81685,0.81374,0.81326,0.81344,0.81222,0.80791,0.79995,0.78963,0.78063,0.77862,0.79002,0.81989,0.87010,0.93823,1.01784,1.10006,1.17583,1.23809,1.28325,1.31152,1.32621,1.33240,1.33536,1.33923,1.34602,1.35551,1.36582,1.37462,1.38036,1.38294,1.38346,1.38336
-0.28019,-0.27571,-0.26643,-0.25607,-0.24806,-0.24371,-0.24150,-0.23789,-0.22887,-0.21153,-0.18468,-0.14871,-0.10483,-0.05455,0.00044,0.05810,0.11603,0.17189,0.22408,0.27222,0.31718,0.36047,0.40347,0.44685,0.49051,0.53390,0.57655,0.61845,0.65991,0.70098,0.74068,0.77646,0.80432,0.81975,0.81904,0.80049,0.76489,0.71526,0.65619,0.59302,0.53132,0.47660,0.43387,0.40725,0.39932,0.41059,0.43920,0.48101,0.53030,0.58094,0.62777,0.66782,0.70062,0.72762,0.75076,0.77107,0.78794,0.79962,0.80444,0.80221,0.79474,0.78530,0.77728,0.77288,0.77250,0.77505,0.77870,0.78159,0.78221,0.77965,0.77396,0.76679,0.76184,0.76461,0.78114,0.81605,0.87062,0.94177,1.02256,1.10379,1.17648,1.23404,1.27359,1.29617,1.30584,1.30815,1.30851,1.31080,1.31662,1.32533,1.33486,1.34292,1.34814,1.35049,1.35099,1.35093
-0.31842,-0.31392,-0.30443,-0.29337,-0.28390,-0.27722,-0.27197,-0.26500,-0.25282,-0.23299,-0.20463,-0.16817,-0.12463,-0.07514,-0.02094,0.03645,0.09508,0.15291,0.20833,0.26061,0.30991,0.35690,0.40220,0.44607,0.48842,0.52914,0.56844,0.60699,0.64562,0.68467,0.72321,0.75859,0.78663,0.80256,0.80241,0.78423,0.74874,0.69906,0.64001,0.57725,0.51667,0.46401,0.42440,0.40186,0.39856,0.41437,0.44665,0.49064,0.54026,0.58935,0.63290,0.66803,0.69434,0.71330,0.72704,0.73708,0.74375,0.74647,0.74482,0.73952,0.73271,0.72727,0.72549,0.72808,0.73399,0.74112,0.74735,0.75122,0.75210,0.75003,0.74581,0.74147,0.74072,0.74878,0.77119,0.81193,0.87150,0.94612,1.02825,1.10850,1.17807,1.23089,1.26485,1.28177,1.28638,1.28471,1.28228,1.28284,1.28765,1.29574,1.30490,1.31285,1.31828,1.32110,1.32212,1.32233
-0.36107,-0.35637,-0.34622,-0.33373,-0.32181,-0.31163,-0.30213,-0.29069,-0.27449,-0.25161,-0.22148,-0.18453,-0.14151,-0.09311,-0.04002,0.01684,0.07602,0.13577,0.19442,0.25078,0.30423,0.35458,0.40175,0.44571,0.48651,0.52455,0.56069,0.59620,0.63230,0.66946,0.70674,0.74135,0.76894,0.78457,0.78406,0.76539,0.72928,0.67910,0.62001,0.55809,0.49952,0.45017,0.41511,0.39797,0.40031,0.42118,0.45715,0.50293,0.55231,0.59928,0.63910,0.66910,0.68890,0.69995,0.70451,0.70461,0.70149,0.69586,0.68857,0.68124,0.67623,0.67573,0.68065,0.69002,0.70127,0.71144,0.71838,0.72138,0.72094,0.71825,0.71495,0.71345,0.71740,0.73159,0.76088,0.80838,0.87370,0.95221,1.03584,1.11506,1.18137,1.22932,1.25758,1.26873,1.26813,1.26222,1.25671,1.25527,1.25897,1.26668,1.27609,1.28490,1.29172,1.29616,1.29856,1.29942
-0.40339,-0.39827,-0.38695,-0.37230,-0.35708,-0.34257,-0.32812,-0.31172,-0.29115,-0.26497,-0.23284,-0.19518,-0.15252,-0.10518,-0.05336,0.00260,0.06180,0.12285,0.18404,0.24374,0.30059,0.35355,0.40198,0.44562,0.48475,0.52023,0.55353,0.58639,0.62027,0.65572,0.69168,0.72525,0.75194,0.76668,0.76523,0.74550,0.70832,0.65729,0.59799,0.53695,0.48070,0.43526,0.40551,0.39455,0.40310,0.42927,0.46882,0.51600,0.56459,0.60894,0.64474,0.66962,0.68327,0.68707,0.68333,0.67447,0.66263,0.64970,0.63778,0.62935,0.62681,0.63154,0.64290,0.65812,0.67321,0.68454,0.69024,0.69063,0.68760,0.68365,0.68129,0.68322,0.69286,0.71434,0.75158,0.80665,0.87812,0.96057,1.04549,1.12338,1.18614,1.22902,1.25143,1.25667,1.25069,1.24031,1.23145,1.22783,1.23051,1.23832,1.24894,1.26000,1.26980,1.27739,1.28231,1.28431
-0.44013,-0.43434,-0.42127,-0.40373,-0.38455,-0.36533,-0.34592,-0.32485,-0.30034,-0.27121,-0.23717,-0.19861,-0.15598,-0.10942,-0.05880,-0.00401,0.05462,0.11607,0.17874,0.24062,0.29971,0.35427,0.40315,0.44597,0.48323,0.51627,0.54704,0.57763,0.60968,0.64368,0.67843,0.71087,0.73643,0.75000,0.74729,0.72622,0.68768,0.63552,0.57569,0.51518,0.46097,0.41925,0.39471,0.38988,0.40455,0.43578,0.47851,0.52659,0.57392,0.61533,0.64711,0.66730,0.67569,0.67356,0.66312,0.64703,0.62810,0.60929,0.59382,0.58493,0.58500,0.59451,0.61128,0.63082,0.64786,0.65836,0.66103,0.65749,0.65124,0.64615,0.64557,0.65230,0.66917,0.69932,0.74544,0.80837,0.88571,0.97142,1.05684,1.13268,1.19141,1.22892,1.24535,1.24461,1.23318,1.21824,1.20600,1.20035,1.20244,1.21121,1.22433,1.23928,1.25383,1.26616,1.27473,1.27837
-0.46650,-0.45976,-0.44436,-0.42328,-0.39972,-0.37582,-0.35201,-0.32728,-0.30001,-0.26893,-0.23360,-0.19428,-0.15145,-0.10533,-0.05570,-0.00215,0.05543,0.11647,0.17949,0.24225,0.30224,0.35718,0.40555,0.44690,0.48199,0.51259,0.54107,0.56982,0.60051,0.63350,0.66738,0.69888,0.72334,0.73563,0.73150,0.70890,0.66880,0.61519,0.55436,0.49374,0.44078,0.40191,0.38171,0.38212,0.40203,0.43750,0.48264,0.53100,0.57667,0.61508,0.64322,0.65964,0.66425,0.65812,0.64324,0.62223,0.59829,0.57522,0.55720,0.54812,0.55037,0.56358,0.58414,0.60604,0.62300,0.63084,0.62913,0.62103,0.61180,0.60670,0.60971,0.62335,0.64945,0.68966,0.74514,0.81548,0.89749,0.98492,1.06933,1.14197,1.19593,1.22773,1.23808,1.23140,1.21463,1.19535,1.18008,1.17295,1.17532,1.18621,1.20327,1.22364,1.24440,1.26265,1.27566,1.28126
-0.47914,-0.47121,-0.45299,-0.42788,-0.39973,-0.37145,-0.34415,-0.31714,-0.28871,-0.25719,-0.22168,-0.18223,-0.13939,-0.09361,-0.04480,0.00754,0.06386,0.12390,0.18632,0.24876,0.30833,0.36237,0.40914,0.44826,0.48079,0.50891,0.53539,0.56279,0.59276,0.62542,0.65901,0.68999,0.71356,0.72459,0.71888,0.69450,0.65250,0.59703,0.53465,0.47319,0.42048,0.38322,0.36591,0.37002,0.39365,0.43196,0.47841,0.52628,0.56997,0.60556,0.63081,0.64477,0.64751,0.63980,0.62314,0.59983,0.57313,0.54739,0.52758,0.51821,0.52173,0.53708,0.55948,0.58168,0.59665,0.60043,0.59367,0.58132,0.57042,0.56748,0.57676,0.60001,0.63744,0.68877,0.75341,0.82980,0.91438,1.00119,1.08251,1.15041,1.19867,1.22435,1.22857,1.21613,1.19437,1.17130,1.15378,1.14617,1.14998,1.16425,1.18643,1.21319,1.24079,1.26529,1.28285,1.29044
-0.47678,-0.46750,-0.44616,-0.41675,-0.38399,-0.35175,-0.32186,-0.29391,-0.26592,-0.23556,-0.20132,-0.16287,-0.12079,-0.07574,-0.02788,0.02324,0.07821,0.13693,0.19812,0.25927,0.31726,0.36921,0.41336,0.44954,0.47917,0.50488,0.52975,0.55647,0.58654,0.61970,0.65378,0.68484,0.70783,0.71759,0.71007,0.68351,0.63918,0.58141,0.51700,0.45403,0.40065,0.36371,0.34765,0.35356,0.37895,0.41834,0.46470,0.51123,0.55266,0.58576,0.60904,0.62211,0.62507,0.61829,0.60257,0.57952,0.55217,0.52510,0.50392,0.49378,0.49730,0.51302,0.53522,0.55576,0.56725,0.56622,0.55472,0.53953,0.52941,0.53177,0.55060,0.58624,0.63673,0.69950,0.77221,0.85244,0.93678,1.02015,1.09601,1.15749,1.19907,1.21823,1.21630,1.19841,1.17226,1.14625,1.12756,1.12073,1.12723,1.14589,1.17378,1.20696,1.24095,1.27095,1.29236,1.30158
-0.46013,-0.44948,-0.42501,-0.39135,-0.35419,-0.31840,-0.28662,-0.25869,-0.23232,-0.20454,-0.17306,-0.13709,-0.09705,-0.05371,-0.00737,0.04231,0.09587,0.15317,0.21278,0.27199,0.32751,0.37644,0.41719,0.44995,0.47662,0.50022,0.52410,0.55094,0.58200,0.61658,0.65194,0.68367,0.70639,0.71489,0.70528,0.67614,0.62907,0.56869,0.50198,0.43719,0.38250,0.34478,0.32837,0.33410,0.35914,0.39765,0.44241,0.48666,0.52556,0.55652,0.57879,0.59243,0.59755,0.59395,0.58148,0.56083,0.53442,0.50689,0.48436,0.47263,0.47469,0.48889,0.50896,0.52623,0.53334,0.52767,0.51288,0.49757,0.49180,0.50332,0.53510,0.58542,0.64975,0.72319,0.80189,0.88307,0.96407,1.04119,1.10937,1.16290,1.19693,1.20921,1.20122,1.17830,1.14851,1.12061,1.10201,1.09722,1.10743,1.13100,1.16441,1.20309,1.24197,1.27580,1.29969,1.30991
-0.43131,-0.41944,-0.39213,-0.35465,-0.31357,-0.27471,-0.24147,-0.21403,-0.18994,-0.16566,-0.13824,-0.10632,-0.06993,-0.02968,0.01418,0.06194,0.11397,0.16981,0.22768,0.28458,0.33709,0.38244,0.41941,0.44870,0.47269,0.49479,0.51847,0.54630,0.57919,0.61593,0.65321,0.68608,0.70881,0.71609,0.70427,0.67235,0.62242,0.55949,0.49067,0.42413,0.36788,0.32859,0.31039,0.31403,0.33661,0.37227,0.41388,0.45493,0.49099,0.52011,0.54214,0.55751,0.56623,0.56739,0.55975,0.54280,0.51819,0.49042,0.46606,0.45162,0.45059,0.46142,0.47763,0.49048,0.49310,0.48411,0.46886,0.45742,0.46056,0.48539,0.53308,0.59930,0.67689,0.75891,0.84062,0.91955,0.99428,1.06278,1.12158,1.16607,1.19196,1.19717,1.18330,1.15590,1.12336,1.09471,1.07742,1.07572,1.09028,1.11872,1.15682,1.19942,1.24111,1.27664,1.30135,1.31184
-0.39297,-0.38014,-0.35065,-0.31019,-0.26600,-0.22469,-0.19033,-0.16351,-0.14185,-0.12151,-0.09907,-0.07254,-0.04139,-0.00571,0.03454,0.07973,0.12996,0.18427,0.24033,0.29474,0.34402,0.38567,0.41895,0.44516,0.46714,0.48857,0.51291,0.54248,0.57779,0.61712,0.65665,0.69091,0.71384,0.72008,0.70624,0.67183,0.61950,0.55464,0.48440,0.41665,0.35894,0.31749,0.29624,0.29600,0.31411,0.34507,0.38209,0.41905,0.45196,0.47938,0.50164,0.51941,0.53244,0.53905,0.53674,0.52374,0.50083,0.47227,0.44509,0.42652,0.42070,0.42640,0.43734,0.44523,0.44424,0.43453,0.42300,0.42062,0.43776,0.47983,0.54535,0.62717,0.71582,0.80312,0.88428,0.95784,1.02394,1.08229,1.13080,1.16575,1.18328,1.18148,1.16209,1.13093,1.09664,1.06842,1.05354,1.05575,1.07492,1.10783,1.14947,1.19425,1.23670,1.27196,1.29602,1.30611
-0.34763,-0.33427,-0.30350,-0.26126,-0.21515,-0.17225,-0.13718,-0.11103,-0.09169,-0.07536,-0.05835,-0.03813,-0.01342,0.01646,0.05212,0.09408,0.14214,0.19474,0.24887,0.30074,0.34683,0.38501,0.41512,0.43899,0.45987,0.48153,0.50726,0.53906,0.57701,0.61897,0.66067,0.69630,0.71956,0.72511,0.70985,0.67383,0.62026,0.55476,0.48433,0.41628,0.35741,0.31338,0.28795,0.28219,0.29400,0.31856,0.34969,0.38175,0.41118,0.43690,0.45954,0.47981,0.49709,0.50880,0.51118,0.50121,0.47883,0.44813,0.41662,0.39227,0.37995,0.37902,0.38383,0.38712,0.38457,0.37805,0.37560,0.38808,0.42420,0.48649,0.57024,0.66561,0.76163,0.85001,0.92692,0.99246,1.04848,1.09611,1.13429,1.15987,1.16928,1.16084,1.13656,1.10255,1.06768,1.04111,1.02970,1.03647,1.06035,1.09720,1.14135,1.18688,1.22857,1.26219,1.28463,1.29393
-0.29768,-0.28423,-0.25325,-0.21064,-0.16403,-0.12071,-0.08561,-0.06030,-0.04315,-0.03069,-0.01917,-0.00561,0.01208,0.03549,0.06595,0.10420,0.14971,0.20031,0.25233,0.30163,0.34474,0.37993,0.40761,0.43007,0.45079,0.47346,0.50109,0.53528,0.57570,0.61989,0.66334,0.70005,0.72367,0.72898,0.71328,0.67709,0.62401,0.55972,0.49074,0.42352,0.36393,0.31699,0.28639,0.27366,0.27758,0.29427,0.31837,0.34482,0.37040,0.39428,0.41715,0.43956,0.46031,0.47585,0.48119,0.47221,0.44819,0.41328,0.37550,0.34365,0.32341,0.31497,0.31377,0.31406,0.31337,0.31509,0.32765,0.36057,0.41957,0.50338,0.60383,0.70901,0.80765,0.89256,0.96182,1.01749,1.06294,1.10026,1.12887,1.14587,1.14790,1.13359,1.10538,1.06973,1.03565,1.01206,1.00520,1.01716,1.04587,1.08631,1.13223,1.17766,1.21776,1.24912,1.26957,1.27793
-0.24564,-0.23256,-0.20239,-0.16082,-0.11524,-0.07281,-0.03860,-0.01455,0.00039,0.00920,0.01550,0.02261,0.03340,0.05037,0.07553,0.10985,0.15251,0.20076,0.25042,0.29711,0.33753,0.37035,0.39644,0.41840,0.43976,0.46401,0.49376,0.53019,0.57261,0.61837,0.66284,0.70009,0.72393,0.72948,0.71446,0.67983,0.62934,0.56836,0.50262,0.43743,0.37761,0.32757,0.29100,0.27015,0.26486,0.27242,0.28846,0.30857,0.32990,0.35169,0.37446,0.39831,0.42125,0.43865,0.44440,0.43353,0.40502,0.36333,0.31725,0.27649,0.24767,0.23206,0.22648,0.22699,0.23288,0.24854,0.28172,0.33934,0.42304,0.52732,0.64090,0.75081,0.84677,0.92390,0.98286,1.02772,1.06302,1.09122,1.11169,1.12146,1.11733,1.09838,1.06758,1.03182,1.00013,0.98102,0.97989,0.99776,1.03152,1.07534,1.12261,1.16749,1.20573,1.23476,1.25327,1.26074
-0.19472,-0.18237,-0.15384,-0.11450,-0.07129,-0.03102,0.00133,0.02354,0.03612,0.04154,0.04315,0.04452,0.04914,0.06030,0.08057,0.11103,0.15064,0.19622,0.24326,0.28734,0.32538,0.35644,0.38171,0.40396,0.42658,0.45275,0.48463,0.52297,0.56679,0.61328,0.65789,0.69494,0.71868,0.72477,0.71148,0.68007,0.63419,0.57854,0.51769,0.45564,0.39607,0.34284,0.29979,0.26996,0.25439,0.25168,0.25862,0.27159,0.28815,0.30751,0.32978,0.35428,0.37794,0.39494,0.39819,0.38219,0.34613,0.29519,0.23925,0.18912,0.15250,0.13185,0.12549,0.13111,0.14927,0.18435,0.24230,0.32639,0.43372,0.55474,0.67600,0.78476,0.87292,0.93873,0.98571,1.01978,1.04608,1.06689,1.08107,1.08538,1.07678,1.05484,1.02318,0.98912,0.96163,0.94864,0.95451,0.97907,1.01810,1.06510,1.11331,1.15727,1.19351,1.22030,1.23709,1.24379
-0.14885,-0.13745,-0.11114,-0.07484,-0.03495,0.00221,0.03190,0.05177,0.06191,0.06427,0.06197,0.05868,0.05834,0.06475,0.08084,0.10774,0.14422,0.18685,0.23105,0.27252,0.30850,0.33836,0.36349,0.38664,0.41099,0.43930,0.47327,0.51319,0.55780,0.60418,0.64799,0.68398,0.70710,0.71379,0.70293,0.67604,0.63635,0.58758,0.53287,0.47476,0.41583,0.35942,0.30957,0.27009,0.24325,0.22907,0.22566,0.23047,0.24158,0.25813,0.27959,0.30409,0.32718,0.34172,0.33978,0.31583,0.26976,0.20805,0.14201,0.08378,0.04221,0.02086,0.01922,0.03602,0.07208,0.13068,0.21492,0.32392,0.45051,0.58208,0.70431,0.80594,0.88197,0.93411,0.96858,0.99267,1.01162,1.02703,1.03700,1.03787,1.02675,1.00380,0.97330,0.94297,0.92165,0.91646,0.93057,0.96243,1.00676,1.05648,1.10493,1.14736,1.18123,1.20573,1.22089,1.22691
-0.11219,-0.10187,-0.07805,-0.04520,-0.00912,0.02445,0.05108,0.06842,0.07625,0.07614,0.07095,0.06435,0.06050,0.06343,0.07621,0.09994,0.13327,0.17275,0.21393,0.25283,0.28701,0.31613,0.34167,0.36626,0.39274,0.42343,0.45951,0.50081,0.54572,0.59128,0.63340,0.66747,0.68933,0.69638,0.68823,0.66652,0.63391,0.59284,0.54490,0.49112,0.43299,0.37334,0.31634,0.26648,0.22719,0.20002,0.18468,0.18000,0.18482,0.19821,0.21871,0.24293,0.26467,0.27540,0.26659,0.23310,0.17619,0.10413,0.03002,-0.03260,-0.07392,-0.08969,-0.07995,-0.04596,0.01223,0.09572,0.20422,0.33297,0.47154,0.60573,0.72184,0.81112,0.87205,0.90957,0.93209,0.94764,0.96110,0.97311,0.98088,0.98033,0.96874,0.94687,0.91968,0.89520,0.88198,0.88616,0.90950,0.94898,0.99822,1.04976,1.09736,1.13722,1.16800,1.18983,1.20323,1.20855
-0.08820,-0.07900,-0.05775,-0.02845,0.00375,0.03368,0.05730,0.07231,0.07832,0.07661,0.06979,0.06143,0.05563,0.05641,0.06674,0.08766,0.11783,0.15397,0.19198,0.22828,0.26086,0.28959,0.31598,0.34246,0.37153,0.40494,0.44333,0.48600,0.53096,0.57519,0.61492,0.64629,0.66624,0.67323,0.66762,0.65110,0.62561,0.59225,0.55097,0.50134,0.44378,0.38055,0.31577,0.25443,0.20110,0.15899,0.12978,0.11403,0.11159,0.12150,0.14113,0.16522,0.18558,0.19229,0.17650,0.13405,0.06803,-0.01107,-0.08830,-0.14896,-0.18281,-0.18572,-0.15826,-0.10278,-0.02122,0.08481,0.21179,0.35205,0.49344,0.62185,0.72550,0.79870,0.84321,0.86658,0.87857,0.88739,0.89718,0.90755,0.91484,0.91463,0.90444,0.88565,0.86381,0.84715,0.84370,0.85845,0.89155,0.93846,0.99178,1.04389,1.08924,1.12530,1.15204,1.17057,1.18189,1.18640
-0.07852,-0.07045,-0.05181,-0.02603,0.00238,0.02888,0.04981,0.06300,0.06797,0.06577,0.05877,0.05027,0.04410,0.04400,0.05270,0.07112,0.09808,0.13066,0.16528,0.19890,0.22990,0.25842,0.28598,0.31479,0.34691,0.38354,0.42463,0.46886,0.51385,0.55649,0.59342,0.62162,0.63915,0.64561,0.64203,0.63013,0.61104,0.58455,0.54908,0.50278,0.44502,0.37735,0.30363,0.22925,0.15988,0.10063,0.05547,0.02704,0.01644,0.02259,0.04154,0.06597,0.08565,0.08944,0.06862,0.02042,-0.04983,-0.12940,-0.20186,-0.25207,-0.27034,-0.25370,-0.20431,-0.12639,-0.02417,0.09816,0.23476,0.37652,0.51128,0.62651,0.71312,0.76848,0.79696,0.80775,0.81118,0.81509,0.82276,0.83280,0.84088,0.84237,0.83510,0.82104,0.80622,0.79886,0.80628,0.83210,0.87480,0.92836,0.98457,1.03589,1.07770,1.10888,1.13079,1.14551,1.15444,1.15801
-0.08238,-0.07550,-0.05955,-0.03736,-0.01271,0.01052,0.02908,0.04099,0.04573,0.04422,0.03851,0.03151,0.02654,0.02678,0.03458,0.05078,0.07443,0.10316,0.13406,0.16472,0.19400,0.22231,0.25120,0.28268,0.31833,0.35870,0.40297,0.44913,0.49434,0.53546,0.56955,0.59448,0.60941,0.61496,0.61277,0.60445,0.59043,0.56927,0.53802,0.49358,0.43419,0.36062,0.27635,0.18705,0.09965,0.02134,-0.04138,-0.08361,-0.10305,-0.10090,-0.08252,-0.05727,-0.03714,-0.03401,-0.05602,-0.10412,-0.17077,-0.24151,-0.29933,-0.32988,-0.32527,-0.28478,-0.21278,-0.11561,0.00059,0.13004,0.26594,0.39933,0.51952,0.61644,0.68385,0.72164,0.73583,0.73634,0.73331,0.73391,0.74056,0.75110,0.76071,0.76477,0.76144,0.75320,0.74641,0.74902,0.76744,0.80382,0.85505,0.91388,0.97159,1.02098,1.05850,1.08440,1.10134,1.11220,1.11873,1.12136
-0.09680,-0.09121,-0.07816,-0.05982,-0.03915,-0.01935,-0.00313,0.00777,0.01292,0.01309,0.01002,0.00604,0.00371,0.00546,0.01308,0.02729,0.04750,0.07201,0.09871,0.12593,0.15313,0.18102,0.21126,0.24561,0.28517,0.32971,0.37761,0.42611,0.47192,0.51188,0.54350,0.56549,0.57799,0.58247,0.58098,0.57501,0.56429,0.54635,0.51714,0.47239,0.40934,0.32794,0.23132,0.12555,0.01892,-0.07918,-0.15975,-0.21583,-0.24413,-0.24619,-0.22865,-0.20248,-0.18079,-0.17547,-0.19347,-0.23386,-0.28733,-0.33874,-0.37195,-0.37492,-0.34279,-0.27781,-0.18665,-0.07716,0.04372,0.17003,0.29558,0.41286,0.51345,0.58993,0.63850,0.66071,0.66332,0.65608,0.64855,0.64710,0.65342,0.66481,0.67627,0.68326,0.68433,0.68232,0.68364,0.69577,0.72406,0.76926,0.82698,0.88913,0.94688,0.99365,1.02695,1.04821,1.06102,1.06883,1.07350,1.07541
-0.11752,-0.11334,-0.10351,-0.08947,-0.07334,-0.05748,-0.04400,-0.03425,-0.02848,-0.02598,-0.02538,-0.02508,-0.02348,-0.01918,-0.01107,0.00139,0.01797,0.03778,0.05966,0.08285,0.10745,0.13462,0.16607,0.20335,0.24697,0.29593,0.34771,0.39886,0.44569,0.48505,0.51489,0.53461,0.54514,0.54855,0.54712,0.54213,0.53270,0.51554,0.48567,0.43794,0.36878,0.27755,0.16726,0.04461,-0.08064,-0.19707,-0.29360,-0.36183,-0.39804,-0.40431,-0.38830,-0.36182,-0.33802,-0.32783,-0.33648,-0.36131,-0.39220,-0.41484,-0.41569,-0.38648,-0.32624,-0.24024,-0.13682,-0.02411,0.09165,0.20583,0.31403,0.41091,0.49043,0.54740,0.57965,0.58952,0.58370,0.57134,0.56113,0.55867,0.56509,0.57744,0.59070,0.60056,0.60591,0.60976,0.61829,0.63829,0.67403,0.72512,0.78634,0.84934,0.90567,0.94959,0.97957,0.99786,1.00849,1.01498,1.01900,1.02072
-0.14035,-0.13771,-0.13142,-0.12223,-0.11134,-0.10023,-0.09026,-0.08219,-0.07599,-0.07095,-0.06608,-0.06062,-0.05415,-0.04645,-0.03731,-0.02647,-0.01375,0.00084,0.01725,0.03575,0.05726,0.08337,0.11588,0.15600,0.20363,0.25691,0.31254,0.36642,0.41457,0.45389,0.48269,0.50088,0.50992,0.51223,0.51018,0.50474,0.49451,0.47551,0.44211,0.38858,0.31094,0.20841,0.08435,-0.05360,-0.19425,-0.32459,-0.43239,-0.50885,-0.55068,-0.56072,-0.54724,-0.52180,-0.49629,-0.47958,-0.47474,-0.47783,-0.47920,-0.46707,-0.43209,-0.37076,-0.28620,-0.18608,-0.07912,0.02772,0.13031,0.22646,0.31412,0.39016,0.45043,0.49119,0.51112,0.51264,0.50192,0.48721,0.47627,0.47396,0.48096,0.49425,0.50902,0.52135,0.53036,0.53902,0.55305,0.57833,0.61813,0.67133,0.73242,0.79347,0.84686,0.88790,0.91591,0.93352,0.94464,0.95224,0.95737,0.95962
-0.16242,-0.16141,-0.15890,-0.15498,-0.15001,-0.14449,-0.13889,-0.13329,-0.12718,-0.11976,-0.11050,-0.09952,-0.08770,-0.07616,-0.06572,-0.05649,-0.04792,-0.03905,-0.02870,-0.01540,0.00267,0.02755,0.06100,0.10382,0.15517,0.21239,0.27146,0.32781,0.37728,0.41686,0.44506,0.46213,0.46979,0.47066,0.46705,0.45964,0.44655,0.42327,0.38371,0.32198,0.23423,0.12021,-0.01578,-0.16486,-0.31464,-0.45137,-0.56290,-0.64141,-0.68499,-0.69762,-0.68760,-0.66512,-0.63944,-0.61632,-0.59638,-0.57500,-0.54427,-0.49643,-0.42741,-0.33882,-0.23729,-0.13165,-0.02965,0.06425,0.14892,0.22499,0.29268,0.35054,0.39562,0.42489,0.43725,0.43484,0.42311,0.40930,0.40012,0.39956,0.40790,0.42219,0.43808,0.45218,0.46389,0.47598,0.49339,0.52101,0.56124,0.61255,0.66977,0.72592,0.77470,0.81265,0.83982,0.85888,0.87306,0.88424,0.89228,0.89585
-0.18295,-0.18355,-0.18484,-0.18638,-0.18769,-0.18835,-0.18788,-0.18548,-0.18012,-0.17086,-0.15753,-0.14124,-0.12417,-0.10887,-0.09723,-0.08982,-0.08575,-0.08305,-0.07917,-0.07134,-0.05681,-0.03315,0.00125,0.04660,0.10124,0.16174,0.22351,0.28170,0.33208,0.37168,0.39913,0.41476,0.42044,0.41886,0.41232,0.40128,0.38348,0.35397,0.30648,0.23531,0.13737,0.01367,-0.13000,-0.28337,-0.43326,-0.56626,-0.67173,-0.74427,-0.78438,-0.79745,-0.79140,-0.77405,-0.75087,-0.72367,-0.69041,-0.64632,-0.58617,-0.50712,-0.41075,-0.30330,-0.19380,-0.09094,-0.00028,0.07689,0.14260,0.19995,0.25088,0.29496,0.32979,0.35261,0.36229,0.36062,0.35225,0.34325,0.33900,0.34241,0.35325,0.36877,0.38538,0.40050,0.41391,0.42805,0.44695,0.47438,0.51191,0.55794,0.60802,0.65655,0.69887,0.73289,0.75940,0.78091,0.79964,0.81596,0.82811,0.83355
-0.20328,-0.20538,-0.21025,-0.21702,-0.22453,-0.23151,-0.23651,-0.23786,-0.23390,-0.22352,-0.20690,-0.18606,-0.16445,-0.14600,-0.13370,-0.12857,-0.12940,-0.13320,-0.13602,-0.13373,-0.12265,-0.10007,-0.06469,-0.01705,0.04032,0.10327,0.16678,0.22585,0.27627,0.31507,0.34082,0.35383,0.35603,0.35025,0.33895,0.32255,0.29857,0.26181,0.20599,0.12600,0.02004,-0.10910,-0.25373,-0.40227,-0.54141,-0.65915,-0.74774,-0.80542,-0.83598,-0.84653,-0.84436,-0.83426,-0.81719,-0.79044,-0.74918,-0.68866,-0.60670,-0.50540,-0.39153,-0.27498,-0.16597,-0.07193,0.00428,0.06447,0.11323,0.15544,0.19396,0.22887,0.25806,0.27898,0.29057,0.29430,0.29393,0.29408,0.29840,0.30838,0.32317,0.34040,0.35751,0.37308,0.38746,0.40276,0.42198,0.44766,0.48059,0.51916,0.55984,0.59857,0.63246,0.66089,0.68545,0.70851,0.73130,0.75257,0.76883,0.77616
-0.22631,-0.22972,-0.23773,-0.24914,-0.26227,-0.27514,-0.28544,-0.29072,-0.28868,-0.27801,-0.25919,-0.23500,-0.21006,-0.18953,-0.17743,-0.17522,-0.18139,-0.19198,-0.20163,-0.20489,-0.19722,-0.17569,-0.13947,-0.08996,-0.03058,0.03385,0.09800,0.15681,0.20606,0.24272,0.26521,0.27373,0.27032,0.25815,0.24006,0.21677,0.18582,0.14198,0.07922,-0.00671,-0.11604,-0.24393,-0.38080,-0.51410,-0.63113,-0.72228,-0.78373,-0.81816,-0.83323,-0.83798,-0.83907,-0.83810,-0.83128,-0.81119,-0.76999,-0.70277,-0.60991,-0.49772,-0.37706,-0.26025,-0.15768,-0.07516,-0.01300,0.03290,0.06873,0.10016,0.13046,0.15999,0.18707,0.20968,0.22705,0.24040,0.25238,0.26574,0.28203,0.30104,0.32125,0.34083,0.35859,0.37449,0.38964,0.40588,0.42517,0.44879,0.47665,0.50710,0.53743,0.56500,0.58860,0.60906,0.62887,0.65053,0.67459,0.69851,0.71732,0.72590
-0.25546,-0.25995,-0.27053,-0.28577,-0.30357,-0.32140,-0.33633,-0.34527,-0.34544,-0.33529,-0.31549,-0.28941,-0.26260,-0.24129,-0.23037,-0.23175,-0.24370,-0.26132,-0.27800,-0.28700,-0.28296,-0.26286,-0.22637,-0.17577,-0.11537,-0.05056,0.01305,0.07036,0.11711,0.15010,0.16756,0.16964,0.15856,0.13806,0.11165,0.08062,0.04290,-0.00646,-0.07300,-0.15993,-0.26586,-0.38404,-0.50342,-0.61111,-0.69575,-0.75090,-0.77715,-0.78196,-0.77691,-0.77308,-0.77664,-0.78628,-0.79373,-0.78700,-0.75508,-0.69223,-0.60036,-0.48862,-0.37049,-0.25965,-0.16615,-0.09438,-0.04302,-0.00681,0.02087,0.04574,0.07115,0.09790,0.12518,0.15191,0.17788,0.20395,0.23141,0.26079,0.29129,0.32094,0.34768,0.37037,0.38933,0.40602,0.42234,0.43996,0.45987,0.48209,0.50564,0.52863,0.54889,0.56488,0.57673,0.58659,0.59795,0.61378,0.63454,0.65709,0.67561,0.68421
-0.29336,-0.29873,-0.31138,-0.32961,-0.35098,-0.37257,-0.39109,-0.40307,-0.40541,-0.39641,-0.37678,-0.35026,-0.32303,-0.30214,-0.29327,-0.29876,-0.31675,-0.34161,-0.36556,-0.38072,-0.38097,-0.36318,-0.32752,-0.27709,-0.21699,-0.15313,-0.09135,-0.03682,0.00611,0.03407,0.04515,0.03950,0.01974,-0.00978,-0.04472,-0.08298,-0.12597,-0.17801,-0.24385,-0.32555,-0.42027,-0.51984,-0.61243,-0.68566,-0.73026,-0.74335,-0.72998,-0.70207,-0.67472,-0.66086,-0.66634,-0.68750,-0.71229,-0.72459,-0.71011,-0.66157,-0.58104,-0.47890,-0.36984,-0.26801,-0.18313,-0.11886,-0.07340,-0.04162,-0.01738,0.00451,0.02746,0.05307,0.08182,0.11394,0.14988,0.19004,0.23405,0.28014,0.32519,0.36573,0.39939,0.42588,0.44692,0.46531,0.48367,0.50349,0.52492,0.54689,0.56751,0.58449,0.59583,0.60065,0.60001,0.59712,0.59648,0.60188,0.61430,0.63084,0.64569,0.65285
-0.34079,-0.34693,-0.36134,-0.38194,-0.40592,-0.43009,-0.45103,-0.46517,-0.46939,-0.46187,-0.44331,-0.41753,-0.39105,-0.37151,-0.36522,-0.37498,-0.39895,-0.43095,-0.46227,-0.48400,-0.48934,-0.47502,-0.44164,-0.39301,-0.33487,-0.27357,-0.21512,-0.16474,-0.12684,-0.10483,-0.10063,-0.11387,-0.14155,-0.17868,-0.22023,-0.26335,-0.30866,-0.35957,-0.41972,-0.48994,-0.56616,-0.63941,-0.69798,-0.73088,-0.73157,-0.70088,-0.64789,-0.58817,-0.53948,-0.51604,-0.52345,-0.55631,-0.59969,-0.63408,-0.64215,-0.61446,-0.55208,-0.46514,-0.36838,-0.27591,-0.19729,-0.13628,-0.09170,-0.05948,-0.03471,-0.01292,0.00940,0.03490,0.06567,0.10338,0.14907,0.20253,0.26172,0.32271,0.38050,0.43064,0.47078,0.50146,0.52554,0.54676,0.56816,0.59104,0.61485,0.63762,0.65666,0.66918,0.67308,0.66773,0.65476,0.63815,0.62329,0.61498,0.61519,0.62199,0.63033,0.63480
-0.39614,-0.40305,-0.41914,-0.44184,-0.46787,-0.49376,-0.51609,-0.53152,-0.53710,-0.53111,-0.51416,-0.48995,-0.46507,-0.44741,-0.44380,-0.45749,-0.48681,-0.52526,-0.56340,-0.59151,-0.60222,-0.59218,-0.56235,-0.51711,-0.46270,-0.40577,-0.35236,-0.30765,-0.27590,-0.26030,-0.26245,-0.28159,-0.31432,-0.35532,-0.39929,-0.44299,-0.48640,-0.53189,-0.58181,-0.63557,-0.68807,-0.73011,-0.75090,-0.74161,-0.69893,-0.62728,-0.53908,-0.45242,-0.38647,-0.35588,-0.36581,-0.40964,-0.47054,-0.52663,-0.55803,-0.55307,-0.51109,-0.44105,-0.35693,-0.27245,-0.19726,-0.13580,-0.08816,-0.05195,-0.02375,0.00006,0.02317,0.04932,0.08218,0.12471,0.17839,0.24237,0.31313,0.38511,0.45211,0.50931,0.55472,0.58957,0.61744,0.64251,0.66782,0.69439,0.72108,0.74526,0.76355,0.77273,0.77048,0.75626,0.73203,0.70231,0.67320,0.65041,0.63706,0.63248,0.63297,0.63410
-0.45573,-0.46348,-0.48138,-0.50624,-0.53417,-0.56138,-0.58449,-0.60052,-0.60697,-0.60236,-0.58727,-0.56517,-0.54242,-0.52690,-0.52572,-0.54253,-0.57587,-0.61912,-0.66236,-0.69533,-0.71035,-0.70418,-0.67818,-0.63724,-0.58796,-0.53707,-0.49048,-0.45304,-0.42850,-0.41940,-0.42662,-0.44879,-0.48219,-0.52165,-0.56222,-0.60093,-0.63756,-0.67360,-0.70994,-0.74450,-0.77120,-0.78094,-0.76439,-0.71545,-0.63422,-0.52846,-0.41308,-0.30735,-0.23055,-0.19668,-0.21008,-0.26329,-0.33847,-0.41246,-0.46376,-0.47886,-0.45531,-0.40049,-0.32727,-0.24876,-0.17475,-0.11056,-0.05779,-0.01577,0.01739,0.04452,0.06941,0.09673,0.13135,0.17721,0.23603,0.30638,0.38373,0.46160,0.53341,0.59454,0.64353,0.68216,0.71424,0.74382,0.77363,0.80420,0.83390,0.85955,0.87732,0.88364,0.87609,0.85431,0.82060,0.77990,0.73880,0.70360,0.67829,0.66338,0.65654,0.65452
-0.51500,-0.52365,-0.54349,-0.57071,-0.60071,-0.62927,-0.65300,-0.66932,-0.67630,-0.67291,-0.65980,-0.64018,-0.61994,-0.60672,-0.60758,-0.62637,-0.66175,-0.70708,-0.75221,-0.78674,-0.80310,-0.79849,-0.77492,-0.73782,-0.69404,-0.65022,-0.61184,-0.58303,-0.56657,-0.56385,-0.57457,-0.59657,-0.62597,-0.65819,-0.68936,-0.71757,-0.74294,-0.76641,-0.78753,-0.80267,-0.80476,-0.78495,-0.73560,-0.65348,-0.54204,-0.41189,-0.27946,-0.16405,-0.08373,-0.05097,-0.06884,-0.12921,-0.21403,-0.29992,-0.36482,-0.39418,-0.38419,-0.34078,-0.27558,-0.20102,-0.12692,-0.05933,-0.00119,0.04670,0.08497,0.11576,0.14285,0.17145,0.20717,0.25447,0.31509,0.38724,0.46599,0.54467,0.61703,0.67907,0.72997,0.77178,0.80814,0.84258,0.87719,0.91188,0.94448,0.97136,0.98834,0.99174,0.97931,0.95114,0.91008,0.86155,0.81239,0.76904,0.73578,0.71381,0.70180,0.69751
-0.56999,-0.57949,-0.60123,-0.63085,-0.66312,-0.69328,-0.71783,-0.73449,-0.74194,-0.73973,-0.72872,-0.71187,-0.69456,-0.68383,-0.68640,-0.70592,-0.74099,-0.78489,-0.82748,-0.85864,-0.87146,-0.86411,-0.83961,-0.80410,-0.76468,-0.72768,-0.69789,-0.67829,-0.67024,-0.67349,-0.68627,-0.70549,-0.72725,-0.74797,-0.76537,-0.77916,-0.79036,-0.79973,-0.80573,-0.80334,-0.78462,-0.74098,-0.66641,-0.56039,-0.42924,-0.28568,-0.14680,-0.03086,0.04611,0.07388,0.05090,-0.01422,-0.10381,-0.19514,-0.26659,-0.30348,-0.30123,-0.26468,-0.20436,-0.13200,-0.05727,0.01326,0.07574,0.12829,0.17067,0.20451,0.23352,0.26306,0.29895,0.34572,0.40502,0.47497,0.55072,0.62613,0.69574,0.75642,0.80794,0.85241,0.89300,0.93249,0.97209,1.01097,1.04635,1.07416,1.08998,1.09020,1.07306,1.03946,0.99316,0.94016,0.88741,0.84102,0.80490,0.78023,0.76606,0.76077
-0.61854,-0.62871,-0.65198,-0.68371,-0.71817,-0.75013,-0.77581,-0.79308,-0.80116,-0.80020,-0.79141,-0.77761,-0.76361,-0.75567,-0.75976,-0.77894,-0.81140,-0.85019,-0.88536,-0.90744,-0.91077,-0.89505,-0.86472,-0.82690,-0.78896,-0.75688,-0.73446,-0.72328,-0.72291,-0.73124,-0.74488,-0.75982,-0.77232,-0.77992,-0.78218,-0.78053,-0.77713,-0.77283,-0.76535,-0.74869,-0.71431,-0.65403,-0.56333,-0.44384,-0.30400,-0.15775,-0.02188,0.08702,0.15548,0.17564,0.14744,0.07974,-0.01060,-0.10214,-0.17437,-0.21314,-0.21365,-0.18001,-0.12185,-0.05023,0.02534,0.09801,0.16334,0.21880,0.26369,0.29938,0.32943,0.35913,0.39411,0.43865,0.49424,0.55912,0.62898,0.69855,0.76349,0.82158,0.87306,0.91994,0.96480,1.00951,1.05435,1.09764,1.13591,1.16460,1.17909,1.17601,1.15435,1.11615,1.06634,1.01170,0.95918,0.91425,0.87990,0.85659,0.84317,0.83813
-0.66075,-0.67125,-0.69541,-0.72856,-0.76477,-0.79843,-0.82540,-0.84353,-0.85239,-0.85271,-0.84615,-0.83550,-0.82505,-0.82017,-0.82576,-0.84389,-0.87194,-0.90256,-0.92602,-0.93383,-0.92198,-0.89214,-0.85057,-0.80557,-0.76491,-0.73418,-0.71616,-0.71087,-0.71606,-0.72776,-0.74113,-0.75143,-0.75520,-0.75109,-0.74020,-0.72542,-0.70974,-0.69414,-0.67598,-0.64882,-0.60413,-0.53441,-0.43645,-0.31342,-0.17490,-0.03498,0.09059,0.18736,0.24434,0.25584,0.22291,0.15427,0.06569,-0.02301,-0.09272,-0.13009,-0.13037,-0.09714,-0.03929,0.03263,0.10924,0.18345,0.25042,0.30728,0.35315,0.38934,0.41936,0.44826,0.48128,0.52234,0.57276,0.63105,0.69366,0.75644,0.81613,0.87138,0.92279,0.97218,1.02150,1.07175,1.12224,1.17041,1.21203,1.24196,1.25542,1.24933,1.22358,1.18151,1.12939,1.07487,1.02494,0.98433,0.95478,0.93563,0.92499,0.92107
-0.69855,-0.70901,-0.73325,-0.76689,-0.80410,-0.83901,-0.86712,-0.88607,-0.89561,-0.89699,-0.89233,-0.88456,-0.87757,-0.87582,-0.88297,-0.89976,-0.92244,-0.94305,-0.95207,-0.94210,-0.91100,-0.86260,-0.80513,-0.74820,-0.70009,-0.66608,-0.64801,-0.64453,-0.65175,-0.66421,-0.67601,-0.68204,-0.67921,-0.66707,-0.64773,-0.62475,-0.60135,-0.57840,-0.55310,-0.51921,-0.46892,-0.39585,-0.29804,-0.17952,-0.05004,0.07711,0.18788,0.27003,0.31478,0.31799,0.28126,0.21278,0.12692,0.04190,-0.02458,-0.05988,-0.05923,-0.02568,0.03252,0.10520,0.18301,0.25854,0.32659,0.38405,0.43000,0.46579,0.49491,0.52217,0.55245,0.58927,0.63390,0.68523,0.74055,0.79674,0.85160,0.90448,0.95622,1.00845,1.06255,1.11876,1.17549,1.22928,1.27506,1.30712,1.32040,1.31213,1.28307,1.23782,1.18402,1.13021,1.08357,1.04812,1.02441,1.01048,1.00349,1.00110
-0.73483,-0.74493,-0.76855,-0.80179,-0.83914,-0.87461,-0.90333,-0.92263,-0.93230,-0.93401,-0.93043,-0.92478,-0.92070,-0.92185,-0.93058,-0.94612,-0.96338,-0.97365,-0.96750,-0.93863,-0.88668,-0.81759,-0.74141,-0.66902,-0.60923,-0.56719,-0.54402,-0.53736,-0.54221,-0.55218,-0.56085,-0.56317,-0.55651,-0.54098,-0.51900,-0.49395,-0.46848,-0.44288,-0.41432,-0.37723,-0.32516,-0.25328,-0.16082,-0.05221,0.06346,0.17439,0.26862,0.33603,0.36951,0.36583,0.32652,0.25880,0.17557,0.09348,0.02908,-0.00541,-0.00496,0.02805,0.08602,0.15916,0.23800,0.31480,0.38393,0.44202,0.48802,0.52328,0.55123,0.57647,0.60358,0.63589,0.67474,0.71950,0.76824,0.81880,0.86977,0.92104,0.97363,1.02903,1.08821,1.15077,1.21439,1.27471,1.32583,1.36134,1.37585,1.36675,1.33549,1.28781,1.23253,1.17914,1.13509,1.10398,1.08539,1.07623,1.07267,1.07176
-0.77256,-0.78213,-0.80472,-0.83698,-0.87376,-0.90904,-0.93755,-0.95628,-0.96500,-0.96578,-0.96191,-0.95708,-0.95492,-0.95841,-0.96865,-0.98331,-0.99585,-0.99673,-0.97657,-0.93001,-0.85827,-0.76900,-0.67374,-0.58438,-0.51016,-0.45620,-0.42330,-0.40859,-0.40664,-0.41077,-0.41466,-0.41364,-0.40556,-0.39081,-0.37146,-0.34996,-0.32772,-0.30406,-0.27601,-0.23897,-0.18813,-0.12047,-0.03635,0.05977,0.15984,0.25396,0.33230,0.38656,0.41081,0.40212,0.36147,0.29489,0.21372,0.13320,0.06899,0.03317,0.03129,0.06186,0.11805,0.19047,0.26964,0.34748,0.41793,0.47721,0.52398,0.55937,0.58657,0.60997,0.63397,0.66191,0.69539,0.73434,0.77757,0.82366,0.87178,0.92219,0.97603,1.03474,1.09908,1.16825,1.23931,1.30712,1.36492,1.40552,1.42305,1.41487,1.38286,1.33359,1.27690,1.22314,1.18022,1.15163,1.13638,1.13055,1.12949,1.12968
-0.81435,-0.82339,-0.84493,-0.87606,-0.91189,-0.94629,-0.97363,-0.99053,-0.99680,-0.99494,-0.98900,-0.98334,-0.98179,-0.98683,-0.99838,-1.01257,-1.02145,-1.01466,-0.98287,-0.92156,-0.83319,-0.72665,-0.61440,-0.50884,-0.41944,-0.35138,-0.30547,-0.27893,-0.26653,-0.26201,-0.25959,-0.25522,-0.24721,-0.23588,-0.22261,-0.20846,-0.19325,-0.17512,-0.15085,-0.11671,-0.06952,-0.00794,0.06670,0.15004,0.23524,0.31419,0.37893,0.42259,0.44000,0.42814,0.38725,0.32205,0.24243,0.16232,0.09665,0.05754,0.05121,0.07716,0.12949,0.19940,0.27759,0.35581,0.42762,0.48874,0.53731,0.57393,0.60133,0.62357,0.64496,0.66901,0.69779,0.73185,0.77068,0.81340,0.85957,0.90964,0.96488,1.02679,1.09610,1.17185,1.25067,1.32677,1.39251,1.43989,1.46241,1.45712,1.42605,1.37628,1.31838,1.26348,1.22009,1.19192,1.17782,1.17344,1.17361,1.17436
-0.86234,-0.87103,-0.89184,-0.92207,-0.95686,-0.98987,-1.01506,-1.02878,-1.03091,-1.02456,-1.01467,-1.00643,-1.00406,-1.00970,-1.02215,-1.03606,-1.04217,-1.02945,-0.98878,-0.91642,-0.81579,-0.69649,-0.57124,-0.45237,-0.34921,-0.26693,-0.20665,-0.16616,-0.14103,-0.12594,-0.11600,-0.10788,-0.10021,-0.09310,-0.08703,-0.08165,-0.07521,-0.06469,-0.04654,-0.01760,0.02404,0.07849,0.14372,0.21555,0.28815,0.35484,0.40904,0.44488,0.45758,0.44396,0.40353,0.33992,0.26167,0.18151,0.11367,0.07023,0.05804,0.07762,0.12411,0.18953,0.26505,0.34251,0.41525,0.47849,0.52967,0.56858,0.59724,0.61925,0.63880,0.65971,0.68461,0.71475,0.75021,0.79052,0.83542,0.88547,0.94205,1.00682,1.08069,1.16271,1.24926,1.33401,1.40859,1.46417,1.49351,1.49315,1.46491,1.41600,1.35747,1.30108,1.25596,1.22634,1.21130,1.20646,1.20649,1.20723
-0.91850,-0.92708,-0.94762,-0.97735,-1.01119,-1.04242,-1.06461,-1.07392,-1.07045,-1.05801,-1.04253,-1.03017,-1.02564,-1.03076,-1.04331,-1.05656,-1.06011,-1.04256,-0.99522,-0.91527,-0.80691,-0.67996,-0.54677,-0.41898,-0.30530,-0.21070,-0.13670,-0.08198,-0.04335,-0.01677,0.00154,0.01416,0.02223,0.02598,0.02578,0.02313,0.02104,0.02346,0.03430,0.05647,0.09125,0.13807,0.19459,0.25685,0.31969,0.37732,0.42397,0.45429,0.46374,0.44908,0.40939,0.34750,0.27087,0.19109,0.12154,0.07400,0.05572,0.06809,0.10737,0.16660,0.23770,0.31292,0.38560,0.45056,0.50448,0.54623,0.57691,0.59951,0.61808,0.63672,0.65867,0.68588,0.71892,0.75761,0.80178,0.85202,0.90984,0.97713,1.05503,1.14273,1.23654,1.32976,1.41347,1.47811,1.51570,1.52210,1.49861,1.45226,1.39416,1.33649,1.28899,1.25654,1.23879,1.23177,1.23037,1.23052
-0.98486,-0.99352,-1.01414,-1.04363,-1.07653,-1.10564,-1.12418,-1.12825,-1.11829,-1.09881,-1.07673,-1.05915,-1.05120,-1.05445,-1.06569,-1.07699,-1.07710,-1.05466,-1.00175,-0.91667,-0.80433,-0.67445,-0.53847,-0.40676,-0.28691,-0.18343,-0.09809,-0.03056,0.02096,0.05904,0.08620,0.10427,0.11418,0.11645,0.11213,0.10358,0.09457,0.08968,0.09313,0.10790,0.13516,0.17429,0.22301,0.27761,0.33327,0.38453,0.42588,0.45216,0.45903,0.44338,0.40432,0.34429,0.26996,0.19178,0.12204,0.07185,0.04847,0.05390,0.08547,0.13735,0.20250,0.27383,0.34496,0.41048,0.46642,0.51073,0.54357,0.56724,0.58554,0.60278,0.62278,0.64802,0.67955,0.71735,0.76130,0.81200,0.87107,0.94061,1.02203,1.11466,1.21484,1.31574,1.40812,1.48195,1.52860,1.54319,1.52627,1.48428,1.42806,1.36989,1.31996,1.28387,1.26208,1.25142,1.24743,1.24648
-1.06343,-1.07221,-1.09291,-1.12207,-1.15371,-1.18026,-1.19475,-1.19332,-1.17676,-1.15019,-1.12132,-1.09792,-1.08543,-1.08508,-1.09283,-1.09980,-1.09437,-1.06562,-1.00687,-0.91772,-0.80380,-0.67449,-0.54000,-0.40900,-0.28760,-0.17945,-0.08635,-0.00873,0.05390,0.10263,0.13869,0.16307,0.17639,0.17934,0.17342,0.16148,0.14775,0.13707,0.13391,0.14148,0.16129,0.19307,0.23490,0.28334,0.33366,0.38033,0.41767,0.44053,0.44478,0.42780,0.38911,0.33124,0.26027,0.18552,0.11790,0.06740,0.04081,0.04046,0.06456,0.10853,0.16648,0.23227,0.29997,0.36423,0.42066,0.46644,0.50090,0.52565,0.54416,0.56083,0.57982,0.60408,0.63495,0.67258,0.71686,0.76840,0.82891,0.90062,0.98507,1.08176,1.18714,1.29445,1.39442,1.47686,1.53270,1.55632,1.54740,1.51146,1.45870,1.40115,1.34922,1.30917,1.28248,1.26709,1.25958,1.25709
-1.15569,-1.16440,-1.18474,-1.21288,-1.24252,-1.26591,-1.27609,-1.26941,-1.24691,-1.21407,-1.17895,-1.14960,-1.13148,-1.12544,-1.12679,-1.12615,-1.11204,-1.07454,-1.00852,-0.91504,-0.80040,-0.67352,-0.54323,-0.41635,-0.29733,-0.18871,-0.09190,-0.00775,0.06326,0.12094,0.16529,0.19633,0.21421,0.21959,0.21416,0.20104,0.18461,0.16983,0.16132,0.16258,0.17560,0.20072,0.23651,0.27979,0.32580,0.36869,0.40247,0.42190,0.42321,0.40453,0.36618,0.31106,0.24488,0.17575,0.11293,0.06488,0.03744,0.03292,0.05027,0.08613,0.13588,0.19445,0.25665,0.31740,0.37218,0.41774,0.45275,0.47822,0.49723,0.51406,0.53299,0.55719,0.58821,0.62634,0.67152,0.72439,0.78664,0.86051,0.94760,1.04746,1.15673,1.26892,1.37505,1.46503,1.52957,1.56243,1.56233,1.53369,1.48576,1.42996,1.37672,1.33284,1.30087,1.28010,1.26848,1.26416
-1.26145,-1.26970,-1.28881,-1.31475,-1.34119,-1.36053,-1.36615,-1.35466,-1.32728,-1.28944,-1.24904,-1.21392,-1.18918,-1.17520,-1.16694,-1.15505,-1.12880,-1.07974,-1.00453,-0.90565,-0.78990,-0.66569,-0.54048,-0.41943,-0.30537,-0.19964,-0.10300,-0.01621,0.05979,0.12390,0.17504,0.21225,0.23501,0.24370,0.24000,0.22711,0.20947,0.19204,0.17953,0.17571,0.18304,0.20241,0.23293,0.27164,0.31369,0.35295,0.38310,0.39891,0.39710,0.37674,0.33915,0.28780,0.22810,0.16689,0.11156,0.06865,0.04273,0.03574,0.04720,0.07487,0.11550,0.16523,0.21976,0.27457,0.32534,0.36869,0.40295,0.42861,0.44828,0.46593,0.48566,0.51066,0.54258,0.58181,0.62841,0.68304,0.74731,0.82334,0.91264,1.01481,1.12673,1.24235,1.35317,1.44940,1.52175,1.56348,1.57235,1.55161,1.50936,1.45623,1.40238,1.35509,1.31793,1.29168,1.27577,1.26953
-1.37764,-1.38494,-1.40165,-1.42386,-1.44555,-1.45967,-1.46019,-1.44414,-1.41273,-1.37103,-1.32632,-1.28568,-1.25352,-1.22969,-1.20905,-1.18282,-1.14162,-1.07883,-0.99291,-0.88752,-0.76970,-0.64725,-0.52647,-0.41120,-0.30305,-0.20232,-0.10894,-0.02316,0.05415,0.12151,0.17706,0.21896,0.24593,0.25783,0.25616,0.24408,0.22603,0.20699,0.19169,0.18409,0.18694,0.20158,0.22746,0.26188,0.29996,0.33539,0.36174,0.37392,0.36929,0.34787,0.31203,0.26583,0.21435,0.16317,0.11765,0.08223,0.05990,0.05200,0.05838,0.07788,0.10857,0.14791,0.19271,0.23925,0.28374,0.32298,0.35517,0.38046,0.40092,0.41994,0.44124,0.46777,0.50116,0.54197,0.59036,0.64702,0.71344,0.79151,0.88257,0.98626,1.09978,1.21760,1.33181,1.43309,1.51219,1.56199,1.57941,1.56653,1.53025,1.48030,1.42646,1.37633,1.33449,1.30314,1.28321,1.27515
-1.49750,-1.50331,-1.51643,-1.53330,-1.54853,-1.55598,-1.55043,-1.52943,-1.49414,-1.44907,-1.40057,-1.35463,-1.31467,-1.27995,-1.24545,-1.20340,-1.14613,-1.06901,-0.97210,-0.85984,-0.73918,-0.61718,-0.49927,-0.38851,-0.28583,-0.19084,-0.10268,-0.02085,0.05433,0.12154,0.17857,0.22293,0.25257,0.26679,0.26672,0.25540,0.23723,0.21719,0.20004,0.18976,0.18926,0.20003,0.22178,0.25198,0.28591,0.31731,0.33988,0.34887,0.34226,0.32098,0.28829,0.24869,0.20696,0.16739,0.13337,0.10721,0.09018,0.08275,0.08494,0.09645,0.11665,0.14438,0.17773,0.21406,0.25035,0.28388,0.31292,0.33731,0.35855,0.37932,0.40271,0.43126,0.46654,0.50919,0.55956,0.61833,0.68682,0.76666,0.85897,0.96348,1.07772,1.19676,1.31334,1.41857,1.50338,1.56031,1.58552,1.58004,1.54961,1.50302,1.44963,1.39732,1.35159,1.31592,1.29255,1.28295
-1.61081,-1.61468,-1.62316,-1.63323,-1.64041,-1.63963,-1.62667,-1.59965,-1.55978,-1.51101,-1.45868,-1.40760,-1.36007,-1.31475,-1.26685,-1.20975,-1.13762,-1.04768,-0.94123,-0.82300,-0.69947,-0.57696,-0.46031,-0.35231,-0.25382,-0.16422,-0.08210,-0.00612,0.06426,0.12828,0.18386,0.22817,0.25859,0.27382,0.27456,0.26361,0.24530,0.22460,0.20622,0.19409,0.19104,0.19858,0.21650,0.24249,0.27209,0.29943,0.31857,0.32524,0.31797,0.29835,0.27024,0.23843,0.20734,0.18015,0.15849,0.14268,0.13224,0.12665,0.12575,0.12988,0.13959,0.15512,0.17599,0.20082,0.22761,0.25428,0.27930,0.30227,0.32408,0.34663,0.37226,0.40302,0.44033,0.48492,0.53726,0.59803,0.66835,0.74956,0.84260,0.94725,1.06147,1.18092,1.29896,1.40721,1.49675,1.55988,1.59212,1.59350,1.56865,1.52545,1.47289,1.41907,1.37034,1.33131,1.30531,1.29453
-1.70562,-1.70721,-1.71026,-1.71244,-1.71029,-1.69990,-1.67813,-1.64375,-1.59811,-1.54478,-1.48828,-1.43234,-1.37823,-1.32403,-1.26516,-1.19613,-1.11266,-1.01346,-0.90054,-0.77849,-0.65308,-0.52988,-0.41344,-0.30674,-0.21103,-0.12589,-0.04965,0.01973,0.08376,0.14249,0.19431,0.23640,0.26581,0.28075,0.28148,0.27048,0.25193,0.23072,0.21148,0.19799,0.19291,0.19759,0.21184,0.23359,0.25885,0.28233,0.29871,0.30421,0.29778,0.28131,0.25892,0.23545,0.21502,0.19996,0.19053,0.18537,0.18241,0.17997,0.17745,0.17547,0.17554,0.17921,0.18750,0.20044,0.21719,0.23637,0.25676,0.27773,0.29959,0.32351,0.35108,0.38387,0.42309,0.46950,0.52365,0.58621,0.65805,0.74021,0.83345,0.93766,1.05116,1.17022,1.28885,1.39918,1.49252,1.56105,1.59969,1.60754,1.58813,1.54846,1.49711,1.44247,1.39166,1.35027,1.32242,1.31082
-1.77099,-1.77008,-1.76720,-1.76081,-1.74855,-1.72770,-1.69617,-1.65343,-1.60108,-1.54251,-1.48172,-1.42161,-1.36265,-1.30245,-1.23659,-1.16038,-1.07068,-0.96705,-0.85172,-0.72880,-0.60326,-0.48007,-0.36370,-0.25760,-0.16367,-0.08196,-0.01084,0.05227,0.10966,0.16225,0.20906,0.24756,0.27472,0.28842,0.28851,0.27715,0.25828,0.23664,0.21672,0.20212,0.19525,0.19727,0.20798,0.22557,0.24667,0.26673,0.28118,0.28671,0.28246,0.27031,0.25422,0.23889,0.22820,0.22398,0.22564,0.23061,0.23549,0.23740,0.23501,0.22887,0.22106,0.21431,0.21105,0.21275,0.21972,0.23137,0.24672,0.26502,0.28613,0.31058,0.33938,0.37365,0.41440,0.46236,0.51809,0.58215,0.65519,0.73794,0.83099,0.93426,1.04645,1.16437,1.28269,1.39411,1.49031,1.56347,1.60801,1.62213,1.60826,1.57242,1.52280,1.46805,1.41602,1.37313,1.34413,1.33204
-1.80000,-1.79646,-1.78739,-1.77213,-1.74950,-1.71801,-1.67660,-1.62542,-1.56637,-1.50280,-1.43837,-1.37546,-1.31402,-1.25134,-1.18308,-1.10501,-1.01455,-0.91150,-0.79788,-0.67716,-0.55356,-0.43169,-0.31610,-0.21075,-0.11825,-0.03918,0.02792,0.08584,0.13743,0.18430,0.22607,0.26061,0.28500,0.29697,0.29610,0.28421,0.26499,0.24297,0.22246,0.20687,0.19834,0.19786,0.20520,0.21889,0.23619,0.25342,0.26675,0.27331,0.27224,0.26505,0.25526,0.24722,0.24460,0.24912,0.25987,0.27363,0.28605,0.29314,0.29266,0.28473,0.27164,0.25693,0.24425,0.23636,0.23465,0.23921,0.24936,0.26432,0.28367,0.30756,0.33660,0.37158,0.41329,0.46240,0.51939,0.58466,0.65862,0.74174,0.83437,0.93647,1.04697,1.16318,1.28037,1.39191,1.48997,1.56690,1.61680,1.63700,1.62880,1.59722,1.54996,1.49585,1.44340,1.39973,1.37011,1.35775
-1.79181,-1.78555,-1.77013,-1.74593,-1.71306,-1.67137,-1.62082,-1.56222,-1.49772,-1.43060,-1.36423,-1.30067,-1.23951,-1.17790,-1.11154,-1.03634,-0.94979,-0.85148,-0.74293,-0.62695,-0.50727,-0.38828,-0.27471,-0.17095,-0.08012,-0.00322,0.06098,0.11527,0.16271,0.20527,0.24301,0.27413,0.29593,0.30617,0.30427,0.29182,0.27226,0.24992,0.22893,0.21245,0.20243,0.19966,0.20393,0.21410,0.22809,0.24306,0.25592,0.26418,0.26680,0.26473,0.26079,0.25881,0.26229,0.27304,0.29033,0.31085,0.32975,0.34224,0.34512,0.33784,0.32249,0.30302,0.28391,0.26889,0.26021,0.25857,0.26360,0.27463,0.29124,0.31347,0.34171,0.37657,0.41863,0.46840,0.52625,0.59243,0.66711,0.75050,0.84275,0.94376,1.05258,1.16684,1.28236,1.39316,1.49204,1.57170,1.62614,1.65198,1.64944,1.62249,1.57825,1.52556,1.47342,1.42957,1.39970,1.38723
-1.75180,-1.74273,-1.72084,-1.68766,-1.64486,-1.59373,-1.53534,-1.47113,-1.40336,-1.33511,-1.26936,-1.20777,-1.14970,-1.09221,-1.03103,-0.96205,-0.88254,-0.79167,-0.69035,-0.58090,-0.46673,-0.35220,-0.24215,-0.14119,-0.05266,0.02224,0.08453,0.13685,0.18214,0.22237,0.25773,0.28663,0.30659,0.31549,0.31274,0.29983,0.28004,0.25752,0.23620,0.21905,0.20778,0.20303,0.20463,0.21174,0.22291,0.23608,0.24887,0.25910,0.26551,0.26836,0.26963,0.27246,0.28012,0.29465,0.31576,0.34058,0.36427,0.38161,0.38866,0.38408,0.36946,0.34868,0.32654,0.30729,0.29374,0.28704,0.28723,0.29398,0.30713,0.32683,0.35349,0.38754,0.42937,0.47930,0.53756,0.60428,0.67948,0.76316,0.85528,0.95557,1.06307,1.17556,1.28921,1.39861,1.49727,1.57845,1.63628,1.66696,1.66979,1.64773,1.60715,1.55667,1.50556,1.46204,1.43219,1.41970
-1.68979,-1.67782,-1.64930,-1.60714,-1.55468,-1.49489,-1.43006,-1.36221,-1.29364,-1.22698,-1.16457,-1.10752,-1.05485,-1.00358,-0.94949,-0.88842,-0.81740,-0.73515,-0.64212,-0.54029,-0.43293,-0.32434,-0.21939,-0.12260,-0.03721,0.03559,0.09671,0.14849,0.19353,0.23347,0.26834,0.29656,0.31579,0.32406,0.32090,0.30784,0.28810,0.26569,0.24439,0.22691,0.21476,0.20842,0.20774,0.21221,0.22095,0.23263,0.24550,0.25767,0.26768,0.27511,0.28097,0.28762,0.29795,0.31418,0.33664,0.36319,0.38953,0.41049,0.42172,0.42119,0.40980,0.39088,0.36897,0.34834,0.33200,0.32147,0.31730,0.31972,0.32908,0.34588,0.37058,0.40344,0.44461,0.49421,0.55237,0.61919,0.69464,0.77859,0.87084,0.97089,1.07760,1.18868,1.30046,1.40800,1.50548,1.58690,1.64682,1.68136,1.68914,1.67217,1.63592,1.58853,1.53923,1.49655,1.46698,1.45454
-1.61676,-1.60189,-1.56676,-1.51571,-1.45395,-1.38621,-1.31610,-1.24629,-1.17896,-1.11608,-1.05912,-1.00837,-0.96245,-0.91826,-0.87169,-0.81869,-0.75617,-0.68261,-0.59819,-0.50470,-0.40530,-0.30417,-0.20592,-0.11473,-0.03348,0.03685,0.09711,0.14931,0.19554,0.23690,0.27303,0.30217,0.32197,0.33062,0.32781,0.31520,0.29605,0.27430,0.25355,0.23627,0.22371,0.21618,0.21359,0.21574,0.22230,0.23263,0.24556,0.25951,0.27283,0.28446,0.29450,0.30438,0.31643,0.33289,0.35470,0.38066,0.40738,0.43025,0.44495,0.44899,0.44244,0.42775,0.40869,0.38902,0.37165,0.35841,0.35047,0.34885,0.35463,0.36870,0.39155,0.42322,0.46352,0.51237,0.56987,0.63620,0.71142,0.79541,0.88779,0.98782,1.09402,1.20388,1.31372,1.41892,1.51436,1.59490,1.65581,1.69340,1.70593,1.69448,1.66349,1.62029,1.57377,1.53255,1.50358,1.49129
-1.54166,-1.52406,-1.48273,-1.42339,-1.35305,-1.27823,-1.20389,-1.13332,-1.06851,-1.01062,-0.96003,-0.91608,-0.87685,-0.83918,-0.79923,-0.75322,-0.69825,-0.63282,-0.55702,-0.47252,-0.38230,-0.29021,-0.20034,-0.11627,-0.04031,0.02686,0.08611,0.13907,0.18728,0.23122,0.26999,0.30148,0.32325,0.33352,0.33215,0.32094,0.30325,0.28300,0.26358,0.24718,0.23477,0.22649,0.22231,0.22236,0.22688,0.23587,0.24874,0.26423,0.28058,0.29617,0.31019,0.32309,0.33647,0.35238,0.37223,0.39580,0.42088,0.44382,0.46078,0.46905,0.46793,0.45874,0.44409,0.42689,0.40970,0.39463,0.38360,0.37859,0.38143,0.39343,0.41499,0.44577,0.48520,0.53295,0.58919,0.65429,0.72855,0.81192,0.90392,1.00352,1.10887,1.21713,1.32456,1.42682,1.51950,1.59840,1.65970,1.70014,1.71775,1.71276,1.68838,1.65085,1.60836,1.56950,1.54161,1.52963
-1.46921,-1.44939,-1.40298,-1.33681,-1.25946,-1.17904,-1.10175,-1.03144,-0.96984,-0.91718,-0.87266,-0.83461,-0.80061,-0.76760,-0.73220,-0.69125,-0.64231,-0.58413,-0.51689,-0.44209,-0.36236,-0.28094,-0.20115,-0.12575,-0.05636,0.00673,0.06435,0.11786,0.16821,0.21529,0.25760,0.29262,0.31768,0.33094,0.33235,0.32381,0.30876,0.29108,0.27396,0.25929,0.24770,0.23916,0.23373,0.23186,0.23438,0.24195,0.25457,0.27132,0.29042,0.30981,0.32781,0.34387,0.35870,0.37395,0.39131,0.41144,0.43343,0.45485,0.47264,0.48414,0.48802,0.48440,0.47455,0.46036,0.44395,0.42770,0.41435,0.40682,0.40770,0.41856,0.43960,0.47000,0.50868,0.55511,0.60949,0.67249,0.74473,0.82635,0.91683,1.01485,1.11821,1.22381,1.32785,1.42639,1.51575,1.59275,1.65449,1.69828,1.72198,1.72493,1.70898,1.67895,1.64211,1.60681,1.58071,1.56933
-1.39967,-1.37850,-1.32896,-1.25859,-1.17698,-1.09345,-1.01521,-0.94650,-0.88870,-0.84104,-0.80151,-0.76748,-0.73622,-0.70502,-0.67133,-0.63291,-0.58813,-0.53621,-0.47739,-0.41294,-0.34490,-0.27564,-0.20747,-0.14215,-0.08056,-0.02260,0.03260,0.08608,0.13833,0.18864,0.23497,0.27437,0.30385,0.32142,0.32697,0.32247,0.31135,0.29744,0.28371,0.27172,0.26175,0.25358,0.24730,0.24374,0.24428,0.25027,0.26234,0.27998,0.30150,0.32449,0.34654,0.36610,0.38292,0.39806,0.41322,0.42981,0.44807,0.46689,0.48414,0.49750,0.50513,0.50611,0.50043,0.48897,0.47343,0.45647,0.44156,0.43249,0.43244,0.44309,0.46436,0.49487,0.53303,0.57799,0.63000,0.69002,0.75901,0.83740,0.92466,1.01934,1.11898,1.22035,1.31980,1.41383,1.49960,1.57488,1.63770,1.68585,1.71703,1.72965,1.72408,1.70357,1.67422,1.64391,1.62055,1.61013
-1.33027,-1.30893,-1.25897,-1.18803,-1.10609,-1.02312,-0.94691,-0.88188,-0.82891,-0.78617,-0.75042,-0.71827,-0.68689,-0.65427,-0.61911,-0.58049,-0.53784,-0.49099,-0.44026,-0.38651,-0.33095,-0.27488,-0.21939,-0.16515,-0.11225,-0.06020,-0.00810,0.04480,0.09855,0.15194,0.20246,0.24672,0.28139,0.30425,0.31506,0.31573,0.30970,0.30067,0.29141,0.28312,0.27569,0.26865,0.26210,0.25716,0.25579,0.26001,0.27114,0.28914,0.31256,0.33881,0.36490,0.38836,0.40800,0.42413,0.43823,0.45209,0.46692,0.48275,0.49846,0.51219,0.52188,0.52581,0.52297,0.51340,0.49850,0.48114,0.46538,0.45564,0.45548,0.46660,0.48860,0.51957,0.55741,0.60091,0.65024,0.70652,0.77108,0.84463,0.92683,1.01620,1.11027,1.20586,1.29964,1.38870,1.47099,1.54514,1.60992,1.66351,1.70338,1.72707,1.73348,1.72422,1.70406,1.68022,1.66061,1.65160
-1.25786,-1.23767,-1.19030,-1.12297,-1.04536,-0.96743,-0.89709,-0.83860,-0.79215,-0.75478,-0.72210,-0.69005,-0.65603,-0.61911,-0.57957,-0.53820,-0.49571,-0.45261,-0.40926,-0.36598,-0.32298,-0.28029,-0.23771,-0.19478,-0.15077,-0.10482,-0.05606,-0.00399,0.05100,0.10727,0.16190,0.21111,0.25123,0.27979,0.29640,0.30288,0.30266,0.29935,0.29549,0.29187,0.28796,0.28296,0.27687,0.27107,0.26798,0.27032,0.28007,0.29780,0.32241,0.35133,0.38121,0.40889,0.43229,0.45089,0.46567,0.47846,0.49099,0.50420,0.51787,0.53069,0.54066,0.54565,0.54400,0.53524,0.52056,0.50297,0.48690,0.47708,0.47726,0.48910,0.51194,0.54350,0.58119,0.62339,0.66999,0.72213,0.78137,0.84875,0.92427,1.00668,1.09371,1.18248,1.27011,1.35430,1.43368,1.50752,1.57506,1.63471,1.68377,1.71899,1.73804,1.74095,1.73112,1.71490,1.69995,1.69275
-1.18159,-1.16372,-1.12174,-1.06198,-0.99326,-0.92494,-0.86454,-0.81578,-0.77795,-0.74690,-0.71717,-0.68423,-0.64595,-0.60279,-0.55690,-0.51093,-0.46700,-0.42634,-0.38927,-0.35548,-0.32411,-0.29391,-0.26337,-0.23090,-0.19506,-0.15462,-0.10877,-0.05734,-0.00112,0.05786,0.11630,0.17012,0.21536,0.24934,0.27152,0.28377,0.28951,0.29233,0.29450,0.29640,0.29696,0.29497,0.29024,0.28429,0.27995,0.28052,0.28864,0.30551,0.33048,0.36124,0.39438,0.42633,0.45428,0.47689,0.49442,0.50828,0.52029,0.53189,0.54356,0.55461,0.56335,0.56762,0.56558,0.55652,0.54154,0.52373,0.50758,0.49791,0.49845,0.51084,0.53429,0.56632,0.60398,0.64515,0.68929,0.73733,0.79088,0.85134,0.91919,0.99366,1.07294,1.15463,1.23637,1.31640,1.39376,1.46806,1.53877,1.60436,1.66202,1.70802,1.73905,1.75389,1.75460,1.74652,1.73676,1.73165
-1.10475,-1.09003,-1.05541,-1.00615,-0.94987,-0.89488,-0.84781,-0.81147,-0.78408,-0.76030,-0.73375,-0.69968,-0.65667,-0.60669,-0.55386,-0.50262,-0.45644,-0.41713,-0.38494,-0.35891,-0.33720,-0.31737,-0.29675,-0.27277,-0.24334,-0.20699,-0.16302,-0.11161,-0.05396,0.00751,0.06923,0.12688,0.17629,0.21467,0.24151,0.25878,0.27009,0.27899,0.28752,0.29554,0.30140,0.30335,0.30099,0.29584,0.29106,0.29038,0.29700,0.31267,0.33728,0.36896,0.40455,0.44042,0.47335,0.50123,0.52341,0.54055,0.55407,0.56548,0.57570,0.58463,0.59110,0.59328,0.58948,0.57909,0.56324,0.54498,0.52871,0.51907,0.51969,0.53215,0.55574,0.58795,0.62559,0.66609,0.70832,0.75274,0.80089,0.85445,0.91444,0.98081,1.05240,1.12745,1.20409,1.28091,1.35715,1.43239,1.50607,1.57665,1.64130,1.69611,1.73724,1.76256,1.77296,1.77271,1.76815,1.76517
-1.03511,-1.02384,-0.99737,-0.95995,-0.91790,-0.87821,-0.84625,-0.82363,-0.80737,-0.79111,-0.76784,-0.73289,-0.68573,-0.62982,-0.57101,-0.51528,-0.46704,-0.42847,-0.39966,-0.37907,-0.36408,-0.35139,-0.33744,-0.31894,-0.29331,-0.25896,-0.21539,-0.16315,-0.10385,-0.04022,0.02395,0.08420,0.13632,0.17756,0.20761,0.22876,0.24484,0.25946,0.27436,0.28882,0.30056,0.30730,0.30833,0.30516,0.30111,0.30021,0.30598,0.32059,0.34443,0.37619,0.41327,0.45235,0.49011,0.52389,0.55207,0.57430,0.59120,0.60396,0.61364,0.62060,0.62428,0.62342,0.61682,0.60419,0.58684,0.56775,0.55108,0.54118,0.54142,0.55341,0.57657,0.60855,0.64611,0.68627,0.72727,0.76898,0.81262,0.86003,0.91279,0.97159,1.03612,1.10526,1.17764,1.25203,1.32757,1.40365,1.47944,1.55335,1.62265,1.68355,1.73205,1.76546,1.78378,1.79025,1.79033,1.78930
-0.98336,-0.97529,-0.95650,-0.93045,-0.90229,-0.87761,-0.86035,-0.85073,-0.84466,-0.83502,-0.81462,-0.77920,-0.72923,-0.66949,-0.60708,-0.54890,-0.49978,-0.46189,-0.43501,-0.41720,-0.40538,-0.39580,-0.38445,-0.36766,-0.34264,-0.30783,-0.26297,-0.20900,-0.14792,-0.08269,-0.01722,0.04406,0.09709,0.13937,0.17101,0.19474,0.21470,0.23449,0.25551,0.27648,0.29445,0.30665,0.31210,0.31224,0.31043,0.31076,0.31686,0.33107,0.35417,0.38548,0.42311,0.46441,0.50631,0.54582,0.58050,0.60887,0.63054,0.64601,0.65617,0.66166,0.66247,0.65805,0.64789,0.63226,0.61275,0.59236,0.57495,0.56446,0.56398,0.57502,0.59724,0.62856,0.66586,0.70593,0.74643,0.78656,0.82705,0.86968,0.91641,0.96867,1.02693,1.09080,1.15933,1.23139,1.30594,1.38199,1.45844,1.53362,1.60498,1.66899,1.72179,1.76043,1.78431,1.79580,1.79948,1.80000
-0.96011,-0.95457,-0.94195,-0.92521,-0.90861,-0.89646,-0.89121,-0.89182,-0.89330,-0.88824,-0.86974,-0.83430,-0.78336,-0.72264,-0.65983,-0.60201,-0.55378,-0.51687,-0.49064,-0.47291,-0.46052,-0.44971,-0.43655,-0.41741,-0.38959,-0.35173,-0.30391,-0.24745,-0.18463,-0.11858,-0.05316,0.00741,0.05944,0.10099,0.13273,0.15790,0.18092,0.20530,0.23205,0.25933,0.28365,0.30184,0.31270,0.31755,0.31964,0.32293,0.33087,0.34578,0.36864,0.39933,0.43682,0.47929,0.52420,0.56858,0.60937,0.64407,0.67116,0.69028,0.70184,0.70649,0.70464,0.69645,0.68223,0.66297,0.64074,0.61862,0.60021,0.58897,0.58760,0.59745,0.61836,0.64863,0.68543,0.72553,0.76619,0.80593,0.84485,0.88441,0.92668,0.97359,1.02634,1.08520,1.14965,1.21871,1.29115,1.36569,1.44096,1.51524,1.58616,1.65052,1.70469,1.74569,1.77257,1.78706,1.79303,1.79458
-0.97228,-0.96839,-0.95983,-0.94935,-0.94060,-0.93681,-0.93924,-0.94580,-0.95107,-0.94791,-0.93012,-0.89518,-0.84531,-0.78665,-0.72677,-0.67213,-0.62653,-0.59094,-0.56423,-0.54412,-0.52769,-0.51163,-0.49249,-0.46713,-0.43328,-0.38999,-0.33772,-0.27815,-0.21378,-0.14779,-0.08383,-0.02566,0.02368,0.06300,0.09371,0.11952,0.14498,0.17340,0.20536,0.23857,0.26916,0.29373,0.31089,0.32177,0.32939,0.33734,0.34872,0.36561,0.38907,0.41940,0.45638,0.49911,0.54581,0.59374,0.63957,0.67998,0.71244,0.73558,0.74912,0.75347,0.74926,0.73730,0.71874,0.69546,0.67013,0.64604,0.62654,0.61462,0.61244,0.62109,0.64052,0.66944,0.70549,0.74566,0.78701,0.82746,0.86638,0.90460,0.94401,0.98677,1.03457,1.08832,1.14798,1.21280,1.28155,1.35279,1.42499,1.49641,1.56479,1.62717,1.68018,1.72095,1.74839,1.76388,1.77080,1.77280
-1.02020,-1.01704,-1.01037,-1.00286,-0.99773,-0.99749,-1.00254,-1.01028,-1.01542,-1.01153,-0.99351,-0.95977,-0.91300,-0.85911,-0.80486,-0.75553,-0.71373,-0.67951,-0.65130,-0.62684,-0.60366,-0.57916,-0.55073,-0.51602,-0.47352,-0.42286,-0.36499,-0.30188,-0.23622,-0.17109,-0.10978,-0.05537,-0.01001,0.02609,0.05508,0.08107,0.10853,0.14045,0.17699,0.21557,0.25219,0.28335,0.30752,0.32555,0.34001,0.35401,0.37017,0.39024,0.41521,0.44573,0.48222,0.52465,0.57204,0.62213,0.67158,0.71658,0.75374,0.78073,0.79645,0.80081,0.79451,0.77887,0.75593,0.72849,0.69996,0.67388,0.65344,0.64108,0.63834,0.64597,0.66394,0.69139,0.72654,0.76680,0.80922,0.85123,0.89140,0.92980,0.96778,1.00742,1.05075,1.09917,1.15321,1.21248,1.27596,1.34228,1.40985,1.47687,1.54111,1.59975,1.64962,1.68805,1.71401,1.72876,1.73542,1.73739
-1.09633,-1.09320,-1.08662,-1.07920,-1.07392,-1.07283,-1.07595,-1.08073,-1.08252,-1.07604,-1.05738,-1.02570,-0.98370,-0.93648,-0.88947,-0.84645,-0.80875,-0.77555,-0.74497,-0.71489,-0.68334,-0.64854,-0.60884,-0.56291,-0.51014,-0.45094,-0.38678,-0.31995,-0.25323,-0.18953,-0.13164,-0.08182,-0.04111,-0.00868,0.01837,0.04434,0.07348,0.10832,0.14870,0.19195,0.23415,0.27186,0.30339,0.32919,0.35126,0.37211,0.39386,0.41792,0.44520,0.47653,0.51283,0.55476,0.60211,0.65319,0.70488,0.75316,0.79402,0.82427,0.84194,0.84639,0.83820,0.81911,0.79197,0.76054,0.72896,0.70110,0.67999,0.66750,0.66455,0.67145,0.68815,0.71419,0.74843,0.78880,0.83250,0.87659,0.91886,0.95848,0.99610,1.03349,1.07280,1.11587,1.16376,1.21662,1.27382,1.33417,1.39613,1.45784,1.51699,1.57076,1.61615,1.65074,1.67375,1.68651,1.69205,1.69361
-1.18634,-1.18280,-1.17516,-1.16593,-1.15790,-1.15292,-1.15103,-1.15021,-1.14685,-1.13697,-1.11779,-1.08891,-1.05261,-1.01280,-0.97334,-0.93647,-0.90236,-0.86958,-0.83609,-0.79997,-0.75975,-0.71436,-0.66309,-0.60564,-0.54237,-0.47450,-0.40403,-0.33358,-0.26598,-0.20394,-0.14970,-0.10458,-0.06851,-0.03963,-0.01441,0.01151,0.04201,0.07916,0.12255,0.16961,0.21670,0.26052,0.29920,0.33268,0.36232,0.39001,0.41743,0.44572,0.47570,0.50833,0.54483,0.58637,0.63334,0.68463,0.73747,0.78782,0.83129,0.86399,0.88317,0.88760,0.87769,0.85551,0.82463,0.78966,0.75545,0.72617,0.70468,0.69236,0.68949,0.69595,0.71166,0.73652,0.76999,0.81053,0.85555,0.90185,0.94652,0.98786,1.02578,1.06160,1.09747,1.13556,1.17743,1.22382,1.27456,1.32877,1.38497,1.44121,1.49500,1.54350,1.58383,1.61389,1.63321,1.64334,1.64732,1.64827
-1.27203,-1.26793,-1.25882,-1.24706,-1.23528,-1.22526,-1.21735,-1.21027,-1.20155,-1.18847,-1.16912,-1.14328,-1.11255,-1.07959,-1.04671,-1.01487,-0.98339,-0.95048,-0.91407,-0.87248,-0.82462,-0.76998,-0.70859,-0.64103,-0.56854,-0.49304,-0.41705,-0.34347,-0.27518,-0.21468,-0.16368,-0.12268,-0.09058,-0.06465,-0.04089,-0.01499,0.01653,0.05532,0.10085,0.15077,0.20176,0.25070,0.29554,0.33570,0.37192,0.40555,0.43792,0.46999,0.50257,0.53665,0.57362,0.61498,0.66153,0.71266,0.76594,0.81744,0.86255,0.89687,0.91705,0.92133,0.90997,0.88527,0.85137,0.81359,0.77734,0.74704,0.72542,0.71340,0.71077,0.71705,0.73208,0.75609,0.78900,0.82976,0.87596,0.92421,0.97107,1.01412,1.05258,1.08738,1.12056,1.15452,1.19126,1.23203,1.27712,1.32594,1.37708,1.42848,1.47748,1.52115,1.55674,1.58246,1.59819,1.60571,1.60811,1.60846
-1.33550,-1.33093,-1.32058,-1.30667,-1.29168,-1.27743,-1.26458,-1.25252,-1.23972,-1.22435,-1.20508,-1.18171,-1.15523,-1.12724,-1.09897,-1.07047,-1.04056,-1.00726,-0.96860,-0.92305,-0.86978,-0.80863,-0.74012,-0.66543,-0.58641,-0.50549,-0.42559,-0.34979,-0.28102,-0.22163,-0.17294,-0.13483,-0.10549,-0.08156,-0.05876,-0.03285,-0.00069,0.03910,0.08594,0.13767,0.19128,0.24377,0.29295,0.33785,0.37872,0.41653,0.45239,0.48717,0.52168,0.55693,0.59440,0.63573,0.68201,0.73290,0.78627,0.83832,0.88431,0.91954,0.94025,0.94436,0.93197,0.90554,0.86961,0.82996,0.79239,0.76147,0.73984,0.72811,0.72573,0.73196,0.74662,0.77010,0.80269,0.84364,0.89069,0.94033,0.98877,1.03307,1.07202,1.10622,1.13762,1.16877,1.20196,1.23879,1.27990,1.32491,1.37248,1.42043,1.46598,1.50611,1.53820,1.56068,1.57372,1.57927,1.58049,1.58039
-1.36326,-1.35848,-1.34757,-1.33266,-1.31618,-1.29997,-1.28486,-1.27056,-1.25595,-1.23961,-1.22045,-1.19821,-1.17361,-1.14778,-1.12147,-1.09435,-1.06502,-1.03149,-0.99181,-0.94455,-0.88896,-0.82504,-0.75350,-0.67576,-0.59395,-0.51071,-0.42913,-0.35237,-0.28340,-0.22449,-0.17679,-0.13991,-0.11173,-0.08863,-0.06622,-0.04031,-0.00789,0.03229,0.07964,0.13210,0.18680,0.24080,0.29184,0.33878,0.38164,0.42123,0.45857,0.49453,0.52988,0.56567,0.60339,0.64475,0.69090,0.74168,0.79505,0.84727,0.89358,0.92915,0.95005,0.95405,0.94122,0.91406,0.87729,0.83687,0.79875,0.76760,0.74597,0.73439,0.73213,0.73836,0.75288,0.77616,0.80864,0.84968,0.89710,0.94733,0.99644,1.04129,1.08046,1.11443,1.14510,1.17507,1.20675,1.24192,1.28133,1.32472,1.37075,1.41722,1.46127,1.49987,1.53042,1.55148,1.56333,1.56802,1.56872,1.56841
